,Sintering,N,M,I,T,P,N*M,N*I,N*T,N*P,M*I,M*T,M*P,I*T,I*P,T*P,N/M,N/I,N/T,N/P,M/I,M/T,M/P,T/I,T/P,P/I,N*M/I,N*M/T,N*M/P,N*I/M,N*I/T,N*I/P,N*T/M,N*T/I,N*T/P,N*P/M,N*P/I,N*P/T,M*I/T,M*I/P,M*T/I,M*T/P,M*P/I,M*P/T,I*T/M,I*T/P,I*P/M,I*P/T,T*P/M,T*P/I,N*M*I,N*M*T,N*M*P,N*I*T,N*I*P,N*T*P,M*I*T,M*I*P,M*T*P,I*T*P,N/M/I,N/M/T,N/M/P,N/I/T,N/I/P,N/T/P
1,1,0.5,50,5,225.0 ,8.5,25,2.5,112.5,4.25,250,11250,425,1125,42.5,1912.5,0.01,0.1,0.002222222,0.058823529,10,0.222222222,5.882352941,45,26.47058824,1.7,5,0.111111111,2.941176471,0.05,0.011111111,0.294117647,2.25,22.5,13.23529412,0.085,0.85,0.018888889,1.111111111,29.41176471,2250,1323.529412,85,1.888888889,22.5,132.3529412,0.85,0.188888889,38.25,382.5,125,5625,212.5,562.5,21.25,956.25,56250,2125,95625,9562.5,0.002,4.44444E-05,0.001176471,0.000444444,0.011764706,0.000261438
2,1,0.5,50,5,265.3 ,8.1,25,2.5,132.65,4.05,250,13265,405,1326.5,40.5,2148.93,0.01,0.1,0.001884659,0.061728395,10,0.188465888,6.172839506,53.06,32.75308642,1.62,5,0.094232944,3.086419753,0.05,0.009423294,0.308641975,2.653,26.53,16.37654321,0.081,0.81,0.015265737,0.942329438,30.86419753,2653,1637.654321,81,1.52657369,26.53,163.7654321,0.81,0.152657369,42.9786,429.786,125,6632.5,202.5,663.25,20.25,1074.465,66325,2025,107446.5,10744.65,0.002,3.76932E-05,0.001234568,0.000376932,0.012345679,0.000232674
3,1,0.5,70,7,259.6 ,8,35,3.5,129.8,4,490,18172,560,1817.2,56,2076.8,0.007142857,0.071428571,0.00192604,0.0625,10,0.269645609,8.75,37.08571429,32.45,1.142857143,5,0.134822804,4.375,0.05,0.01348228,0.4375,1.854285714,18.54285714,16.225,0.057142857,0.571428571,0.01540832,1.88751926,61.25,2596,2271.5,80,2.157164869,25.96,227.15,0.8,0.215716487,29.66857143,296.6857143,245,9086,280,908.6,28,1038.4,127204,3920,145376,14537.6,0.001020408,2.75149E-05,0.000892857,0.000275149,0.008928571,0.000240755
4,1,0.5,40,4,266.0 ,8.1,20,2,133,4.05,160,10640,324,1064,32.4,2154.6,0.0125,0.125,0.001879699,0.061728395,10,0.15037594,4.938271605,66.5,32.83950617,2.025,5,0.07518797,2.469135802,0.05,0.007518797,0.24691358,3.325,33.25,16.41975309,0.10125,1.0125,0.015225564,0.601503759,19.75308642,2660,1313.580247,81,1.218045113,26.6,131.3580247,0.81,0.121804511,53.865,538.65,80,5320,162,532,16.2,1077.3,42560,1296,86184,8618.4,0.003125,4.69925E-05,0.00154321,0.000469925,0.015432099,0.000232062
5,1,1,70,7,261.6 ,8.1,70,7,261.6,8.1,490,18312,567,1831.2,56.7,2118.96,0.014285714,0.142857143,0.00382263,0.12345679,10,0.267584098,8.641975309,37.37142857,32.2962963,1.157142857,10,0.267584098,8.641975309,0.1,0.02675841,0.864197531,3.737142857,37.37142857,32.2962963,0.115714286,1.157142857,0.030963303,1.873088685,60.49382716,2616,2260.740741,81,2.167431193,26.16,226.0740741,0.81,0.216743119,30.27085714,302.7085714,490,18312,567,1831.2,56.7,2118.96,128184,3969,148327.2,14832.72,0.002040816,5.4609E-05,0.001763668,0.00054609,0.017636684,0.00047193
6,1,5,70,7,260.4 ,8,350,35,1302,40,490,18228,560,1822.8,56,2083.2,0.071428571,0.714285714,0.019201229,0.625,10,0.268817204,8.75,37.2,32.55,1.142857143,50,1.344086022,43.75,0.5,0.134408602,4.375,18.6,186,162.75,0.571428571,5.714285714,0.153609831,1.88172043,61.25,2604,2278.5,80,2.150537634,26.04,227.85,0.8,0.215053763,29.76,297.6,2450,91140,2800,9114,280,10416,127596,3920,145824,14582.4,0.010204082,0.000274303,0.008928571,0.002743033,0.089285714,0.002400154
7,0,500,70,7,262.3 ,7.9,35000,3500,131150,3950,490,18361,553,1836.1,55.3,2072.17,7.142857143,71.42857143,1.906214258,63.29113924,10,0.266869996,8.860759494,37.47142857,33.20253165,1.128571429,5000,133.4349981,4430.379747,50,13.34349981,443.0379747,1873.571429,18735.71429,16601.26582,56.42857143,564.2857143,15.05909264,1.868089973,62.02531646,2623,2324.177215,79,2.10827297,26.23,232.4177215,0.79,0.210827297,29.60242857,296.0242857,245000,9180500,276500,918050,27650,1036085,128527,3871,145051.9,14505.19,1.020408163,0.027231632,0.904159132,0.272316323,9.04159132,0.241292944
8,0,150,70,7,260.2 ,7.7,10500,1050,39030,1155,490,18214,539,1821.4,53.9,2003.54,2.142857143,21.42857143,0.576479631,19.48051948,10,0.269023828,9.090909091,37.17142857,33.79220779,1.1,1500,40.35357417,1363.636364,15,4.035357417,136.3636364,557.5714286,5575.714286,5068.831169,16.5,165,4.438893159,1.883166795,63.63636364,2602,2365.454545,77,2.071483474,26.02,236.5454545,0.77,0.207148347,28.622,286.22,73500,2732100,80850,273210,8085,300531,127498,3773,140247.8,14024.78,0.306122449,0.008235423,0.278293135,0.082354233,2.782931354,0.074867485
9,0,5,70,2,259.2 ,8.1,350,10,1296,40.5,140,18144,567,518.4,16.2,2099.52,0.071428571,2.5,0.019290123,0.617283951,35,0.270061728,8.641975309,129.6,32,4.05,175,1.350308642,43.20987654,0.142857143,0.038580247,1.234567901,18.51428571,648,160,0.578571429,20.25,0.15625,0.540123457,17.28395062,9072,2240,283.5,2.1875,7.405714286,64,0.231428571,0.0625,29.99314286,1049.76,700,90720,2835,2592,81,10497.6,36288,1134,146966.4,4199.04,0.035714286,0.000275573,0.008818342,0.009645062,0.308641975,0.002381497
10,1,5,70,9.99,258.8 ,8,350,49.95,1294,40,699.3,18116,560,2585.412,79.92,2070.4,0.071428571,0.500500501,0.019319938,0.625,7.007007007,0.270479134,8.75,25.90590591,32.35,0.800800801,35.03503504,1.352395672,43.75,0.713571429,0.193006182,6.24375,18.48571429,129.5295295,161.75,0.571428571,4.004004004,0.154559505,2.702086553,87.4125,1813.413413,2264.5,56.05605606,2.163833076,36.93445714,323.1765,1.141714286,0.308809892,29.57714286,207.2472472,3496.5,90580,2800,12927.06,399.6,10352,180978.84,5594.4,144928,20683.296,0.007150007,0.000275999,0.008928571,0.001933928,0.062562563,0.002414992
11,1,5,70,7,269.5 ,9.5,350,35,1347.5,47.5,490,18865,665,1886.5,66.5,2560.25,0.071428571,0.714285714,0.018552876,0.526315789,10,0.25974026,7.368421053,38.5,28.36842105,1.357142857,50,1.298701299,36.84210526,0.5,0.12987013,3.684210526,19.25,192.5,141.8421053,0.678571429,6.785714286,0.176252319,1.818181818,51.57894737,2695,1985.789474,95,2.467532468,26.95,198.5789474,0.95,0.246753247,36.575,365.75,2450,94325,3325,9432.5,332.5,12801.25,132055,4655,179217.5,17921.75,0.010204082,0.000265041,0.007518797,0.002650411,0.07518797,0.001952934
12,0,5,100,5,258.3 ,8.1,500,25,1291.5,40.5,500,25830,810,1291.5,40.5,2092.23,0.05,1,0.019357336,0.617283951,20,0.387146729,12.34567901,51.66,31.88888889,1.62,100,1.935733643,61.72839506,0.25,0.096786682,3.086419753,12.915,258.3,159.4444444,0.405,8.1,0.156794425,1.935733643,61.72839506,5166,3188.888889,162,3.135888502,12.915,159.4444444,0.405,0.156794425,20.9223,418.446,2500,129150,4050,6457.5,202.5,10461.15,129150,4050,209223,10461.15,0.01,0.000193573,0.00617284,0.003871467,0.12345679,0.002389795
13,1,5,100,7,257.6 ,8,500,35,1288,40,700,25760,800,1803.2,56,2060.8,0.05,0.714285714,0.019409938,0.625,14.28571429,0.388198758,12.5,36.8,32.2,1.142857143,71.42857143,1.940993789,62.5,0.35,0.135869565,4.375,12.88,184,161,0.4,5.714285714,0.155279503,2.717391304,87.5,3680,3220,114.2857143,3.105590062,18.032,225.4,0.56,0.217391304,20.608,294.4,3500,128800,4000,9016,280,10304,180320,5600,206080,14425.6,0.007142857,0.000194099,0.00625,0.002772848,0.089285714,0.002426242
14,1,5,100,7,256.3 ,9.5,500,35,1281.5,47.5,700,25630,950,1794.1,66.5,2434.85,0.05,0.714285714,0.019508389,0.526315789,14.28571429,0.390167772,10.52631579,36.61428571,26.97894737,1.357142857,71.42857143,1.950838861,52.63157895,0.35,0.13655872,3.684210526,12.815,183.0714286,134.8947368,0.475,6.785714286,0.185329692,2.731174405,73.68421053,3661.428571,2697.894737,135.7142857,3.706593835,17.941,188.8526316,0.665,0.259461568,24.3485,347.8357143,3500,128150,4750,8970.5,332.5,12174.25,179410,6650,243485,17043.95,0.007142857,0.000195084,0.005263158,0.002786913,0.07518797,0.002053515
15,0,50,100,7,256.6 ,9.5,5000,350,12830,475,700,25660,950,1796.2,66.5,2437.7,0.5,7.142857143,0.194855807,5.263157895,14.28571429,0.389711613,10.52631579,36.65714286,27.01052632,1.357142857,714.2857143,19.48558067,526.3157895,3.5,1.363990647,36.84210526,128.3,1832.857143,1350.526316,4.75,67.85714286,1.851130164,2.727981294,73.68421053,3665.714286,2701.052632,135.7142857,3.702260327,17.962,189.0736842,0.665,0.259158223,24.377,348.2428571,35000,1283000,47500,89810,3325,121885,179620,6650,243770,17063.9,0.071428571,0.001948558,0.052631579,0.027836544,0.751879699,0.020511138
16,0,30,100,7,257.5 ,9.5,3000,210,7725,285,700,25750,950,1802.5,66.5,2446.25,0.3,4.285714286,0.116504854,3.157894737,14.28571429,0.388349515,10.52631579,36.78571429,27.10526316,1.357142857,428.5714286,11.65048544,315.7894737,2.1,0.815533981,22.10526316,77.25,1103.571429,813.1578947,2.85,40.71428571,1.106796117,2.718446602,73.68421053,3678.571429,2710.526316,135.7142857,3.689320388,18.025,189.7368421,0.665,0.258252427,24.4625,349.4642857,21000,772500,28500,54075,1995,73387.5,180250,6650,244625,17123.75,0.042857143,0.001165049,0.031578947,0.016643551,0.45112782,0.012263669
17,0,9.5,99,8.59,221.0 ,10,940.5,81.605,2099.5,95,850.41,21879,990,1898.39,85.9,2210,0.095959596,1.105937136,0.042986425,0.95,11.5250291,0.447963801,9.9,25.72759022,22.1,1.164144354,109.4877765,4.255656109,94.05,0.824292929,0.369253394,8.1605,21.20707071,244.4121071,209.95,0.95959596,11.05937136,0.429864253,3.84800905,85.041,2547.031432,2187.9,115.250291,4.479638009,19.17565657,189.839,0.867676768,0.388687783,22.32323232,257.2759022,8078.895,207850.5,9405,18034.705,816.05,20995,187940.61,8504.1,218790,18983.9,0.011171082,0.000434206,0.00959596,0.00500424,0.110593714,0.004298643
18,1,0.1,41,7.36,260.3 ,7.5,4.1,0.736,26.03,0.75,301.76,10672.3,307.5,1915.808,55.2,1952.25,0.002439024,0.013586957,0.000384172,0.013333333,5.570652174,0.157510565,5.466666667,35.36684783,34.70666667,1.019021739,0.557065217,0.015751056,0.546666667,0.01795122,0.002827507,0.098133333,0.634878049,3.536684783,3.470666667,0.018292683,0.101902174,0.002881291,1.159277756,40.23466667,1450.040761,1422.973333,41.7798913,1.181329235,46.72702439,255.4410667,1.346341463,0.212063004,47.61585366,265.2513587,30.176,1067.23,30.75,191.5808,5.52,195.225,78548.128,2263.2,80042.25,14368.56,0.000331389,9.37005E-06,0.000325203,5.21973E-05,0.001811594,5.12229E-05
19,1,2,85,4,194.9 ,9.5,170,8,389.8,19,340,16566.5,807.5,779.6,38,1851.55,0.023529412,0.5,0.010261673,0.210526316,21.25,0.436121088,8.947368421,48.725,20.51578947,2.375,42.5,0.872242175,17.89473684,0.094117647,0.041046691,0.842105263,4.585882353,97.45,41.03157895,0.223529412,4.75,0.09748589,1.744484351,35.78947368,4141.625,1743.842105,201.875,4.143150334,9.171764706,82.06315789,0.447058824,0.19497178,21.78294118,462.8875,680,33133,1615,1559.2,76,3703.1,66266,3230,157381.75,7406.2,0.005882353,0.000120726,0.00247678,0.002565418,0.052631579,0.001080176
20,1,0.3,60,8.7,254.0 ,7.8,18,2.61,76.2,2.34,522,15240,468,2209.8,67.86,1981.2,0.005,0.034482759,0.001181102,0.038461538,6.896551724,0.236220472,7.692307692,29.1954023,32.56410256,0.896551724,2.068965517,0.070866142,2.307692308,0.0435,0.010275591,0.334615385,1.27,8.75862069,9.769230769,0.039,0.268965517,0.009212598,2.05511811,66.92307692,1751.724138,1953.846154,53.79310345,1.842519685,36.83,283.3076923,1.131,0.267165354,33.02,227.7241379,156.6,4572,140.4,662.94,20.358,594.36,132588,4071.6,118872,17236.44,0.000574713,1.9685E-05,0.000641026,0.000135759,0.004420866,0.000151423
21,1,3,65,2.5,229.8 ,8.8,195,7.5,689.4,26.4,162.5,14937,572,574.5,22,2022.24,0.046153846,1.2,0.01305483,0.340909091,26,0.282854656,7.386363636,91.92,26.11363636,3.52,78,0.848563969,22.15909091,0.115384615,0.032637076,0.852272727,10.60615385,275.76,78.34090909,0.406153846,10.56,0.114882507,0.707136641,18.46590909,5974.8,1697.386364,228.8,2.489120975,8.838461538,65.28409091,0.338461538,0.095735422,31.11138462,808.896,487.5,44811,1716,1723.5,66,6066.72,37342.5,1430,131445.6,5055.6,0.018461538,0.000200844,0.005244755,0.005221932,0.136363636,0.001483503
22,1,4.5,44,5,240.2 ,7.7,198,22.5,1080.9,34.65,220,10568.8,338.8,1201,38.5,1849.54,0.102272727,0.9,0.018734388,0.584415584,8.8,0.183180683,5.714285714,48.04,31.19480519,1.54,39.6,0.824313072,25.71428571,0.511363636,0.09367194,2.922077922,24.56590909,216.18,140.3766234,0.7875,6.93,0.144254788,0.915903414,28.57142857,2113.76,1372.571429,67.76,1.410491257,27.29545455,155.974026,0.875,0.160283097,42.035,369.908,990,47559.6,1524.6,5404.5,173.25,8322.93,52844,1694,81379.76,9247.7,0.020454545,0.000425782,0.013282172,0.003746878,0.116883117,0.002433037
23,1,0.4,93,8.5,247.7 ,9.2,37.2,3.4,99.08,3.68,790.5,23036.1,855.6,2105.45,78.2,2278.84,0.004301075,0.047058824,0.001614857,0.043478261,10.94117647,0.375454178,10.10869565,29.14117647,26.92391304,1.082352941,4.376470588,0.150181671,4.043478261,0.03655914,0.013726282,0.369565217,1.065376344,11.65647059,10.76956522,0.039569892,0.432941176,0.014856681,3.191360517,85.92391304,2710.129412,2503.923913,100.6588235,3.454178442,22.63924731,228.8532609,0.840860215,0.315704481,24.50365591,268.0988235,316.2,9214.44,342.24,842.18,31.28,911.536,195806.85,7272.6,211932.12,19370.14,0.000506009,1.73641E-05,0.000467508,0.000189983,0.00511509,0.000175528
24,1,2.5,89,5.5,220.3 ,8.3,222.5,13.75,550.75,20.75,489.5,19606.7,738.7,1211.65,45.65,1828.49,0.028089888,0.454545455,0.011348162,0.301204819,16.18181818,0.403994553,10.72289157,40.05454545,26.54216867,1.509090909,40.45454545,1.009986382,26.80722892,0.154494382,0.062414889,1.656626506,6.188202247,100.1363636,66.35542169,0.233146067,3.772727273,0.094189741,2.221970041,58.97590361,3564.854545,2362.253012,134.3090909,3.353154789,13.61404494,145.9819277,0.512921348,0.207217431,20.54483146,332.4527273,1223.75,49016.75,1846.75,3029.125,114.125,4571.225,107836.85,4062.85,162735.61,10056.695,0.005107252,0.000127507,0.003384324,0.002063302,0.054764513,0.001367248
25,1,0,55,6,157.2 ,9.3,0,0,0,0,330,8646,511.5,943.2,55.8,1461.96,0,0,0,0,9.166666667,0.349872774,5.913978495,26.2,16.90322581,1.55,0,0,0,0,0,0,0,0,0,0,0,0,2.099236641,35.48387097,1441,929.6774194,85.25,3.253816794,17.14909091,101.4193548,1.014545455,0.354961832,26.58109091,243.66,0,0,0,0,0,0,51876,3069,80407.8,8771.76,0,0,0,0,0,0
26,0,4.2,80,3,132.7 ,8.4,336,12.6,557.34,35.28,240,10616,672,398.1,25.2,1114.68,0.0525,1.4,0.031650339,0.5,26.66666667,0.602863602,9.523809524,44.23333333,15.79761905,2.8,112,2.532027129,40,0.1575,0.094951017,1.5,6.96675,185.78,66.35,0.441,11.76,0.265862849,1.808590806,28.57142857,3538.666667,1263.809524,224,5.064054258,4.97625,47.39285714,0.315,0.189902035,13.9335,371.56,1008,44587.2,2822.4,1672.02,105.84,4681.656,31848,2016,89174.4,3344.04,0.0175,0.000395629,0.00625,0.010550113,0.166666667,0.003767898
27,1,0,75,4,239.9 ,8.2,0,0,0,0,300,17992.5,615,959.6,32.8,1967.18,0,0,0,0,18.75,0.312630263,9.146341463,59.975,29.25609756,2.05,0,0,0,0,0,0,0,0,0,0,0,0,1.25052105,36.58536585,4498.125,2194.207317,153.75,2.563568153,12.79466667,117.0243902,0.437333333,0.136723635,26.22906667,491.795,0,0,0,0,0,0,71970,2460,147538.5,7868.72,0,0,0,0,0,0
28,1,4.8,67,5.1,193.7 ,8,321.6,24.48,929.76,38.4,341.7,12977.9,536,987.87,40.8,1549.6,0.071641791,0.941176471,0.024780589,0.6,13.1372549,0.345895715,8.375,37.98039216,24.2125,1.568627451,63.05882353,1.660299432,40.2,0.365373134,0.126381002,3.06,13.87701493,182.3058824,116.22,0.573134328,7.529411765,0.198244708,1.764068147,42.7125,2544.686275,1622.2375,105.0980392,2.76716572,14.74432836,123.48375,0.608955224,0.210635003,23.12835821,303.8431373,1640.16,62293.92,2572.8,4741.776,195.84,7438.08,66187.29,2733.6,103823.2,7902.96,0.01404741,0.00036986,0.008955224,0.004858939,0.117647059,0.003097574
29,1,0.6,74,5.8,211.0 ,7.5,44.4,3.48,126.6,4.5,429.2,15614,555,1223.8,43.5,1582.5,0.008108108,0.103448276,0.002843602,0.08,12.75862069,0.3507109,9.866666667,36.37931034,28.13333333,1.293103448,7.655172414,0.21042654,5.92,0.047027027,0.016492891,0.464,1.710810811,21.82758621,16.88,0.060810811,0.775862069,0.021327014,2.034123223,57.22666667,2692.068966,2081.866667,95.68965517,2.630331754,16.53783784,163.1733333,0.587837838,0.206161137,21.38513514,272.8448276,257.52,9368.4,333,734.28,26.1,949.5,90561.2,3219,117105,9178.5,0.00139795,3.84271E-05,0.001081081,0.000490276,0.013793103,0.000379147
30,1,1.9,59,4,150.8 ,8.1,112.1,7.6,286.52,15.39,236,8897.2,477.9,603.2,32.4,1221.48,0.03220339,0.475,0.012599469,0.234567901,14.75,0.391246684,7.283950617,37.7,18.61728395,2.025,28.025,0.7433687,13.83950617,0.128813559,0.050397878,0.938271605,4.856271186,71.63,35.37283951,0.260847458,3.8475,0.102055703,1.564986737,29.13580247,2224.3,1098.419753,119.475,3.169098143,10.22372881,74.4691358,0.549152542,0.214854111,20.70305085,305.37,448.4,16904.68,908.01,1146.08,61.56,2320.812,35588.8,1911.6,72067.32,4885.92,0.008050847,0.00021355,0.003975727,0.003149867,0.058641975,0.00155549
31,1,2.2,53,2.4,134.1 ,8.5,116.6,5.28,295.02,18.7,127.2,7107.3,450.5,321.84,20.4,1139.85,0.041509434,0.916666667,0.016405667,0.258823529,22.08333333,0.395227442,6.235294118,55.875,15.77647059,3.541666667,48.58333333,0.869500373,13.71764706,0.099622642,0.039373602,0.621176471,5.566415094,122.925,34.70823529,0.352830189,7.791666667,0.139448173,0.948545861,14.96470588,2961.375,836.1529412,187.7083333,3.359433259,6.07245283,37.86352941,0.38490566,0.15212528,21.50660377,474.9375,279.84,15636.06,991.1,708.048,44.88,2507.67,17057.52,1081.2,60412.05,2735.64,0.017295597,0.000309541,0.004883463,0.006835695,0.107843137,0.001930079
32,1,3.8,43,9.6,176.9 ,8.6,163.4,36.48,672.22,32.68,412.8,7606.7,369.8,1698.24,82.56,1521.34,0.088372093,0.395833333,0.021481063,0.441860465,4.479166667,0.243075184,5,18.42708333,20.56976744,0.895833333,17.02083333,0.923685698,19,0.848372093,0.206218202,4.241860465,15.63302326,70.02291667,78.16511628,0.76,3.404166667,0.18473714,2.333521764,48,792.3645833,884.5,38.52083333,2.09044658,39.49395349,197.4697674,1.92,0.466704353,35.38,158.4729167,1568.64,28905.46,1405.24,6453.312,313.728,5781.092,73024.32,3550.08,65417.62,14604.864,0.009205426,0.00049956,0.010275825,0.002237611,0.046027132,0.002497798
33,1,1.5,73,2,157.6 ,9.1,109.5,3,236.4,13.65,146,11504.8,664.3,315.2,18.2,1434.16,0.020547945,0.75,0.009517766,0.164835165,36.5,0.46319797,8.021978022,78.8,17.31868132,4.55,54.75,0.694796954,12.03296703,0.04109589,0.019035533,0.32967033,3.238356164,118.2,25.97802198,0.186986301,6.825,0.086611675,0.926395939,16.04395604,5752.4,1264.263736,332.15,4.215101523,4.317808219,34.63736264,0.249315068,0.115482234,19.6460274,717.08,219,17257.2,996.45,472.8,27.3,2151.24,23009.6,1328.6,104693.68,2868.32,0.010273973,0.00013038,0.002258016,0.004758883,0.082417582,0.001045908
34,1,3.2,58,4.1,216.5 ,7.9,185.6,13.12,692.8,25.28,237.8,12557,458.2,887.65,32.39,1710.35,0.055172414,0.780487805,0.0147806,0.405063291,14.14634146,0.267898383,7.341772152,52.80487805,27.40506329,1.926829268,45.26829268,0.857274827,23.49367089,0.226206897,0.060600462,1.660759494,11.94482759,168.9756098,87.69620253,0.435862069,6.165853659,0.116766744,1.098383372,30.10126582,3062.682927,1589.493671,111.7560976,2.116397229,15.30431034,112.3607595,0.558448276,0.14960739,29.4887931,417.1585366,760.96,40182.4,1466.24,2840.48,103.648,5473.12,51483.7,1878.62,99200.3,7012.435,0.013456686,0.000254838,0.00698385,0.003605025,0.098795925,0.001870962
35,1,2.6,71,9.7,189.2 ,9,184.6,25.22,491.92,23.4,688.7,13433.2,639,1835.24,87.3,1702.8,0.036619718,0.268041237,0.013742072,0.288888889,7.319587629,0.375264271,7.888888889,19.50515464,21.02222222,0.927835052,19.03092784,0.975687104,20.51111111,0.355211268,0.133298097,2.802222222,6.928450704,50.71340206,54.65777778,0.329577465,2.412371134,0.123678647,3.640063425,76.52222222,1384.865979,1492.577778,65.87628866,3.377378436,25.8484507,203.9155556,1.229577465,0.46141649,23.98309859,175.5463918,1790.62,34926.32,1661.4,4771.624,226.98,4427.28,130302.04,6198.3,120898.8,16517.16,0.003775229,0.00019355,0.004068858,0.001416708,0.02978236,0.001526897
36,1,3.1,53,5.6,198.7 ,9,164.3,17.36,615.97,27.9,296.8,10531.1,477,1112.72,50.4,1788.3,0.058490566,0.553571429,0.015601409,0.344444444,9.464285714,0.26673377,5.888888889,35.48214286,22.07777778,1.607142857,29.33928571,0.826874685,18.25555556,0.32754717,0.087367891,1.928888889,11.62207547,109.9946429,68.44111111,0.526415094,4.982142857,0.140412682,1.493709109,32.97777778,1880.553571,1170.122222,85.17857143,2.400603926,20.99471698,123.6355556,0.950943396,0.253648717,33.74150943,319.3392857,920.08,32646.41,1478.7,3449.432,156.24,5543.73,58974.16,2671.2,94779.9,10014.48,0.010444744,0.000294366,0.006498952,0.002785966,0.061507937,0.00173349
37,1,4.5,50,8.3,193.6 ,9.1,225,37.35,871.2,40.95,415,9680,455,1606.88,75.53,1761.76,0.09,0.542168675,0.023243802,0.494505495,6.024096386,0.258264463,5.494505495,23.3253012,21.27472527,1.096385542,27.10843373,1.162190083,24.72527473,0.747,0.192923554,4.104395604,17.424,104.9638554,95.73626374,0.819,4.93373494,0.211518595,2.143595041,45.6043956,1166.26506,1063.736264,54.81927711,2.350206612,32.1376,176.5802198,1.5106,0.390134298,35.2352,212.260241,1867.5,43560,2047.5,7230.96,339.885,7927.92,80344,3776.5,88088,14622.608,0.010843373,0.000464876,0.00989011,0.002800458,0.059578975,0.002554264
38,1,2.7,88,5.3,183.9 ,8.3,237.6,14.31,496.53,22.41,466.4,16183.2,730.4,974.67,43.99,1526.37,0.030681818,0.509433962,0.014681892,0.325301205,16.60377358,0.478520935,10.60240964,34.69811321,22.15662651,1.566037736,44.83018868,1.292006525,28.62650602,0.162613636,0.077814029,1.724096386,5.642386364,93.68490566,59.82289157,0.254659091,4.228301887,0.121859706,2.536160957,56.19277108,3053.433962,1949.783133,137.8113208,3.971723763,11.07579545,117.4301205,0.499886364,0.23920609,17.34511364,287.9943396,1259.28,43694.64,1972.08,2631.609,118.773,4121.199,85770.96,3871.12,134320.56,8089.761,0.005789022,0.00016684,0.003696605,0.002770168,0.061377586,0.001768903
39,1,3,79,5.3,198.9 ,9.2,237,15.9,596.7,27.6,418.7,15713.1,726.8,1054.17,48.76,1829.88,0.037974684,0.566037736,0.015082956,0.326086957,14.90566038,0.397184515,8.586956522,37.52830189,21.61956522,1.735849057,44.71698113,1.191553544,25.76086957,0.201265823,0.079939668,1.72826087,7.553164557,112.5849057,64.85869565,0.349367089,5.20754717,0.138763198,2.105077929,45.51086957,2964.735849,1707.945652,137.1320755,3.654097536,13.34392405,114.5836957,0.61721519,0.245148316,23.16303797,345.2603774,1256.1,47139.3,2180.4,3162.51,146.28,5489.64,83279.43,3852.04,144560.52,9698.364,0.007165035,0.000190923,0.004127683,0.002845841,0.061525841,0.001639452
40,1,1.4,74,9.5,217.0 ,9.1,103.6,13.3,303.8,12.74,703,16058,673.4,2061.5,86.45,1974.7,0.018918919,0.147368421,0.006451613,0.153846154,7.789473684,0.341013825,8.131868132,22.84210526,23.84615385,0.957894737,10.90526316,0.477419355,11.38461538,0.17972973,0.061290323,1.461538462,4.105405405,31.97894737,33.38461538,0.172162162,1.341052632,0.058709677,3.239631336,77.25274725,1690.315789,1764.615385,70.88421053,3.103225806,27.85810811,226.5384615,1.168243243,0.398387097,26.68513514,207.8631579,984.2,22481.2,942.76,2886.1,121.03,2764.58,152551,6397.3,146127.8,18759.65,0.001991465,8.7184E-05,0.002079002,0.000679117,0.016194332,0.000708968
41,1,0.6,83,9,192.5 ,7.8,49.8,5.4,115.5,4.68,747,15977.5,647.4,1732.5,70.2,1501.5,0.007228916,0.066666667,0.003116883,0.076923077,9.222222222,0.431168831,10.64102564,21.38888889,24.67948718,0.866666667,5.533333333,0.258701299,6.384615385,0.065060241,0.028051948,0.692307692,1.391566265,12.83333333,14.80769231,0.056385542,0.52,0.024311688,3.880519481,95.76923077,1775.277778,2048.397436,71.93333333,3.363116883,20.87349398,222.1153846,0.845783133,0.364675325,18.09036145,166.8333333,448.2,9586.5,388.44,1039.5,42.12,900.9,143797.5,5826.6,124624.5,13513.5,0.000803213,3.75528E-05,0.000926784,0.00034632,0.008547009,0.0003996
42,1,3,77,6.7,232.7 ,7.5,231,20.1,698.1,22.5,515.9,17917.9,577.5,1559.09,50.25,1745.25,0.038961039,0.447761194,0.012892136,0.4,11.49253731,0.330898152,10.26666667,34.73134328,31.02666667,1.119402985,34.47761194,0.992694456,30.8,0.261038961,0.08637731,2.68,9.066233766,104.1940299,93.08,0.292207792,3.358208955,0.096691018,2.217017619,68.78666667,2674.313433,2389.053333,86.19402985,2.481736141,20.24792208,207.8786667,0.652597403,0.215943275,22.66558442,260.4850746,1547.7,53753.7,1732.5,4677.27,150.75,5235.75,120049.93,3869.25,134384.25,11693.175,0.00581508,0.00016743,0.005194805,0.001924199,0.059701493,0.001718951
43,1,4.7,67,7.1,138.4 ,8.7,314.9,33.37,650.48,40.89,475.7,9272.8,582.9,982.64,61.77,1204.08,0.070149254,0.661971831,0.033959538,0.540229885,9.436619718,0.484104046,7.701149425,19.49295775,15.90804598,1.225352113,44.35211268,2.275289017,36.1954023,0.498059701,0.241112717,3.835632184,9.708656716,91.61690141,74.76781609,0.610298507,5.75915493,0.295447977,3.437138728,54.67816092,1306.028169,1065.83908,82.09859155,4.211705202,14.66626866,112.9471264,0.921940299,0.446315029,17.97134328,169.5887324,2235.79,43582.16,2739.63,4618.408,290.319,5659.176,65836.88,4138.59,80673.36,8548.968,0.009880177,0.000506859,0.008063133,0.004783033,0.076088716,0.003903395
44,1,0.4,98,8.9,143.8 ,7.9,39.2,3.56,57.52,3.16,872.2,14092.4,774.2,1279.82,70.31,1136.02,0.004081633,0.04494382,0.002781641,0.050632911,11.01123596,0.681502086,12.40506329,16.15730337,18.20253165,0.887640449,4.404494382,0.272600834,4.962025316,0.036326531,0.024756606,0.450632911,0.586938776,6.462921348,7.281012658,0.032244898,0.35505618,0.021974965,6.065368567,110.4050633,1583.41573,1783.848101,86.98876404,5.383866481,13.05938776,162.0025316,0.71744898,0.488942976,11.59204082,127.6426966,348.88,5636.96,309.68,511.928,28.124,454.408,125422.36,6890.38,111329.96,10110.578,0.00045861,2.83841E-05,0.000516662,0.000312544,0.005689091,0.000352106
45,1,4.9,43,8.9,193.2 ,9,210.7,43.61,946.68,44.1,382.7,8307.6,387,1719.48,80.1,1738.8,0.113953488,0.550561798,0.025362319,0.544444444,4.831460674,0.222567288,4.777777778,21.70786517,21.46666667,1.011235955,23.6741573,1.09057971,23.41111111,1.014186047,0.225724638,4.845555556,22.01581395,106.3685393,105.1866667,1.025581395,4.95505618,0.22826087,1.980848861,42.52222222,933.4382022,923.0666667,43.48314607,2.00310559,39.98790698,191.0533333,1.862790698,0.414596273,40.4372093,195.3707865,1875.23,40707.24,1896.3,8425.452,392.49,8520.12,73937.64,3444.3,74768.4,15475.32,0.012803763,0.000589821,0.012661499,0.002849699,0.061173533,0.002818035
46,1,2.4,80,3.7,158.1 ,8.2,192,8.88,379.44,19.68,296,12648,656,584.97,30.34,1296.42,0.03,0.648648649,0.015180266,0.292682927,21.62162162,0.506008855,9.756097561,42.72972973,19.2804878,2.216216216,51.89189189,1.214421252,23.41463415,0.111,0.056166983,1.082926829,4.743,102.5513514,46.27317073,0.246,5.318918919,0.124478178,1.872232764,36.09756098,3418.378378,1542.439024,177.2972973,4.149272612,7.312125,71.33780488,0.37925,0.191903858,16.20525,350.3837838,710.4,30355.2,1574.4,1403.928,72.816,3111.408,46797.6,2427.2,103713.6,4796.754,0.008108108,0.000189753,0.003658537,0.004102775,0.079103494,0.001851252
47,1,1.9,87,6.9,146.5 ,8.9,165.3,13.11,278.35,16.91,600.3,12745.5,774.3,1010.85,61.41,1303.85,0.02183908,0.275362319,0.012969283,0.213483146,12.60869565,0.593856655,9.775280899,21.23188406,16.46067416,1.289855072,23.95652174,1.128327645,18.57303371,0.150689655,0.089488055,1.473033708,3.199425287,40.34057971,31.2752809,0.194367816,2.450724638,0.115426621,4.097610922,67.4494382,1847.173913,1432.078652,112.2173913,5.285324232,11.61896552,113.5786517,0.705862069,0.419180887,14.98678161,188.9637681,1140.57,24216.45,1471.17,1920.615,116.679,2477.315,87943.95,5342.67,113434.95,8996.565,0.003165084,0.000149072,0.002453829,0.001879606,0.030939586,0.001457223
48,1,2.9,44,7.1,210.4 ,7.8,127.6,20.59,610.16,22.62,312.4,9257.6,343.2,1493.84,55.38,1641.12,0.065909091,0.408450704,0.01378327,0.371794872,6.197183099,0.209125475,5.641025641,29.63380282,26.97435897,1.098591549,17.97183099,0.606463878,16.35897436,0.467954545,0.097861217,2.63974359,13.86727273,85.93802817,78.22564103,0.514090909,3.185915493,0.107509506,1.484790875,40.05128205,1303.887324,1186.871795,48.33802817,1.631178707,33.95090909,191.5179487,1.258636364,0.263212928,37.29818182,231.143662,905.96,26847.04,995.28,4332.136,160.602,4759.248,65728.96,2436.72,72209.28,11651.952,0.009282971,0.000313256,0.008449883,0.001941306,0.052365475,0.001767086
49,1,2.9,56,7.7,257.7 ,8.2,162.4,22.33,747.33,23.78,431.2,14431.2,459.2,1984.29,63.14,2113.14,0.051785714,0.376623377,0.011253395,0.353658537,7.272727273,0.217306946,6.829268293,33.46753247,31.42682927,1.064935065,21.09090909,0.630190144,19.80487805,0.39875,0.086651145,2.723170732,13.34517857,97.05584416,91.13780488,0.424642857,3.088311688,0.092277842,1.673263485,52.58536585,1874.181818,1759.902439,59.63636364,1.781916958,35.43375,241.9865854,1.1275,0.245013582,37.73464286,274.4337662,1250.48,41850.48,1331.68,5754.441,183.106,6128.106,111120.24,3535.84,118335.84,16271.178,0.006725417,0.000200953,0.006315331,0.00146148,0.04592968,0.001372365
50,1,0.9,67,8.9,219.0 ,8.8,60.3,8.01,197.1,7.92,596.3,14673,589.6,1949.1,78.32,1927.2,0.013432836,0.101123596,0.004109589,0.102272727,7.528089888,0.305936073,7.613636364,24.60674157,24.88636364,0.988764045,6.775280899,0.275342466,6.852272727,0.119552239,0.036575342,0.910227273,2.941791045,22.14606742,22.39772727,0.118208955,0.88988764,0.036164384,2.72283105,67.76136364,1648.651685,1667.386364,66.24719101,2.692237443,29.09104478,221.4886364,1.168955224,0.357625571,28.7641791,216.5393258,536.67,13205.7,530.64,1754.19,70.488,1734.48,130589.7,5247.44,129122.4,17152.08,0.001509307,6.13371E-05,0.001526459,0.000461752,0.011491318,0.000466999
51,1,3.4,75,2.9,225.5 ,9.4,255,9.86,766.7,31.96,217.5,16912.5,705,653.95,27.26,2119.7,0.045333333,1.172413793,0.015077605,0.361702128,25.86206897,0.332594235,7.978723404,77.75862069,23.9893617,3.24137931,87.93103448,1.130820399,27.12765957,0.131466667,0.043725055,1.04893617,10.22266667,264.3793103,81.56382979,0.426133333,11.02068966,0.14172949,0.964523282,23.13829787,5831.896552,1799.202128,243.1034483,3.126385809,8.719333333,69.56914894,0.363466667,0.120886918,28.26266667,730.9310345,739.5,57502.5,2397,2223.43,92.684,7206.98,49046.25,2044.5,158977.5,6147.13,0.015632184,0.000201035,0.004822695,0.005199174,0.124724872,0.001604001
