,xrf_5p,N,M,I,T,P,N*M,N*I,N*T,N*P,M*I,M*T,M*P,I*T,I*P,T*P,N/M,N/I,N/T,N/P,M/I,M/T,M/P,T/I,T/P,P/I,N*M/I,N*M/T,N*M/P,N*I/M,N*I/T,N*I/P,N*T/M,N*T/I,N*T/P,N*P/M,N*P/I,N*P/T,M*I/T,M*I/P,M*T/I,M*T/P,M*P/I,M*P/T,I*T/M,I*T/P,I*P/M,I*P/T,T*P/M,T*P/I,N*M*I,N*M*T,N*M*P,N*I*T,N*I*P,N*T*P,M*I*T,M*I*P,M*T*P,I*T*P,N/M/I,N/M/T,N/M/P,N/I/T,N/I/P,N/T/P,N*M*I*T,N*M*I*P,N*M*T*P,N*I*T*P,M*I*T*P,N*M*I/T,N*M/I*T,N/M*I*T,N*M/I/T,N/M*I/T,N/M/I*T,N/M/I/T,N*M*I/P,N*M/I*P,N/M*I*P,N*M/I/P,N/M*I/P,N/M/I*P,N/M/I/P,N*M*T/P,N*M/T*P,N/M*T*P,N*M/T/P,N/M*T/P,N/M/T*P,N/M/T/P,N*I*T/P,N*I/T*P,N/I*T*P,N*I/T/P,N/I*T/P,N/I/T*P,N/I/T/P,M*I*T/P,M*I/T*P,M/I*T*P,/M*I*T*P,M*I/T/P,M/I*T/P,M/I/T*P,/M*I*T/P,/M*I/T*P,/M/I*T*P,M/I/T/P,/M*I/T/P,/M/I*T/P,/M/I/T*P,N*M*I*T*P,N*M*I*T/P,N*M*I/T*P,N*M/I*T*P,N/M*I*T*P,N*M*I/T/P,N*M/I*T/P,N*M/I/T*P,N/M*I*T/P,N/M*I/T*P,N/M/I*T*P,N*M/I/T/P,N/M*I/T/P,N/M/I*T/P,N/M/I/T*P,N/M/I/T/P
1,1,0.5,50,5,225,8.5,25,2.5,112.5,4.25,250,11250,425,1125,42.5,1912.5,0.01,0.1,0.002222222,0.058823529,10,0.222222222,5.882352941,45,26.47058824,1.7,5,0.111111111,2.941176471,0.05,0.011111111,0.294117647,2.25,22.5,13.23529412,0.085,0.85,0.018888889,1.111111111,29.41176471,2250,1323.529412,85,1.888888889,22.5,132.3529412,0.85,0.188888889,38.25,382.5,125,5625,212.5,562.5,21.25,9.56E+02,56250,2125,95625,9562.5,0.002,4.44E-05,0.001176471,0.000444444,0.011764706,0.000261438,28125,1062.5,47812.5,4781.25,478125,0.555555556,1125,11.25,0.022222222,0.000222222,0.45,8.89E-06,14.70588235,42.5,0.425,0.588235294,0.005882353,0.017,0.000235294,661.7647059,0.944444444,19.125,0.013071895,0.264705882,0.000377778,5.23E-06,66.17647059,0.094444444,191.25,0.00130719,2.647058824,0.003777778,5.23E-05,6617.647059,9.444444444,19125,191.25,0.130718954,264.7058824,0.377777778,2.647058824,0.003777778,7.65,0.005228758,5.23E-05,0.105882353,0.000151111,239062.5,3308.823529,4.722222222,9562.5,95.625,0.065359477,132.3529412,0.188888889,1.323529412,0.001888889,3.825,0.002614379,2.61E-05,0.052941176,7.56E-05,1.05E-06
2,0,0.5,50,5,265.3,8.1,25,2.5,132.65,4.05,250,13265,405,1326.5,40.5,2148.93,0.01,0.1,0.001884659,0.061728395,10,0.188465888,6.172839506,53.06,32.75308642,1.62,5,0.094232944,3.086419753,0.05,0.009423294,0.308641975,2.653,26.53,16.37654321,0.081,0.81,0.015265737,0.942329438,30.86419753,2653,1637.654321,81,1.52657369,26.53,163.7654321,0.81,0.152657369,42.9786,429.786,125,6632.5,202.5,663.25,20.25,1.07E+03,66325,2025,107446.5,10744.65,0.002,3.77E-05,0.001234568,0.000376932,0.012345679,0.000232674,33162.5,1012.5,53723.25,5372.325,537232.5,0.471164719,1326.5,13.265,0.018846589,0.000188466,0.5306,7.54E-06,15.43209877,40.5,0.405,0.617283951,0.00617284,0.0162,0.000246914,818.8271605,0.763286845,21.4893,0.011633697,0.327530864,0.000305315,4.65E-06,81.88271605,0.076328685,214.893,0.00116337,3.275308642,0.003053147,4.65E-05,8188.271605,7.632868451,21489.3,214.893,0.116336968,327.5308642,0.305314738,3.275308642,0.003053147,8.59572,0.004653479,4.65E-05,0.131012346,0.000122126,268616.25,4094.135802,3.816434225,10744.65,107.4465,0.058168484,163.7654321,0.152657369,1.637654321,0.001526574,4.29786,0.002326739,2.33E-05,0.065506173,6.11E-05,9.31E-07
3,1,0.5,70,7,259.6,8,35,3.5,129.8,4,490,18172,560,1817.2,56,2076.8,0.007142857,0.071428571,0.00192604,0.0625,10,0.269645609,8.75,37.08571429,32.45,1.142857143,5,0.134822804,4.375,0.05,0.01348228,0.4375,1.854285714,18.54285714,16.225,0.057142857,0.571428571,0.01540832,1.88751926,61.25,2596,2271.5,80,2.157164869,25.96,227.15,0.8,0.215716487,29.66857143,296.6857143,245,9086,280,908.6,28,1.04E+03,127204,3920,145376,14537.6,0.001020408,2.75E-05,0.000892857,0.000275149,0.008928571,0.000240755,63602,1960,72688,7268.8,1017632,0.94375963,1298,12.98,0.019260401,0.000192604,0.264897959,3.93E-06,30.625,40,0.4,0.625,0.00625,0.008163265,0.000127551,1135.75,1.078582435,14.83428571,0.016852851,0.231785714,0.000220119,3.44E-06,113.575,0.107858243,148.3428571,0.001685285,2.317857143,0.002201189,3.44E-05,15900.5,15.10015408,20768,207.68,0.235939908,324.5,0.30816641,3.245,0.003081664,4.238367347,0.0048151,4.82E-05,0.06622449,6.29E-05,508816,7950.25,7.550077042,10384,103.84,0.117969954,162.25,0.154083205,1.6225,0.001540832,2.119183673,0.00240755,2.41E-05,0.033112245,3.14E-05,4.91E-07
4,0,0.5,40,4,266,8.1,20,2,133,4.05,160,10640,324,1064,32.4,2154.6,0.0125,0.125,0.001879699,0.061728395,10,0.15037594,4.938271605,66.5,32.83950617,2.025,5,0.07518797,2.469135802,0.05,0.007518797,0.24691358,3.325,33.25,16.41975309,0.10125,1.0125,0.015225564,0.601503759,19.75308642,2660,1313.580247,81,1.218045113,26.6,131.3580247,0.81,0.121804511,53.865,538.65,80,5320,162,532,16.2,1.08E+03,42560,1296,86184,8618.4,0.003125,4.70E-05,0.00154321,0.000469925,0.015432099,0.000232062,21280,648,43092,4309.2,344736,0.30075188,1330,13.3,0.018796992,0.00018797,0.83125,1.17E-05,9.87654321,40.5,0.405,0.617283951,0.00617284,0.0253125,0.000385802,656.7901235,0.609022556,26.9325,0.009282465,0.410493827,0.000380639,5.80E-06,65.67901235,0.060902256,269.325,0.000928247,4.104938272,0.003806391,5.80E-05,5254.320988,4.872180451,21546,215.46,0.074259723,328.3950617,0.304511278,3.283950617,0.003045113,13.46625,0.004641233,4.64E-05,0.205246914,0.00019032,172368,2627.160494,2.436090226,10773,107.73,0.037129862,164.1975309,0.152255639,1.641975309,0.001522556,6.733125,0.002320616,2.32E-05,0.102623457,9.52E-05,1.45E-06
5,1,1,70,7,261.6,8.1,70,7,261.6,8.1,490,18312,567,1831.2,56.7,2118.96,0.014285714,0.142857143,0.00382263,0.12345679,10,0.267584098,8.641975309,37.37142857,32.2962963,1.157142857,10,0.267584098,8.641975309,0.1,0.02675841,0.864197531,3.737142857,37.37142857,32.2962963,0.115714286,1.157142857,0.030963303,1.873088685,60.49382716,2616,2260.740741,81,2.167431193,26.16,226.0740741,0.81,0.216743119,30.27085714,302.7085714,490,18312,567,1831.2,56.7,2.12E+03,128184,3969,148327.2,14832.72,0.002040816,5.46E-05,0.001763668,0.00054609,0.017636684,0.00047193,128184,3969,148327.2,14832.72,1038290.4,1.873088685,2616,26.16,0.0382263,0.000382263,0.533877551,7.80E-06,60.49382716,81,0.81,1.234567901,0.012345679,0.016530612,0.000251953,2260.740741,2.167431193,30.27085714,0.033035074,0.461375661,0.000442333,6.74E-06,226.0740741,0.216743119,302.7085714,0.003303507,4.613756614,0.004423329,6.74E-05,15825.18519,15.17201835,21189.6,211.896,0.231245517,322.962963,0.309633028,3.22962963,0.00309633,4.324408163,0.004719296,4.72E-05,0.065910809,6.32E-05,1038290.4,15825.18519,15.17201835,21189.6,211.896,0.231245517,322.962963,0.309633028,3.22962963,0.00309633,4.324408163,0.004719296,4.72E-05,0.065910809,6.32E-05,9.63E-07
6,1,5,70,7,260.4,8,350,35,1302,40,490,18228,560,1822.8,56,2083.2,0.071428571,0.714285714,0.019201229,0.625,10,0.268817204,8.75,37.2,32.55,1.142857143,50,1.344086022,43.75,0.5,0.134408602,4.375,18.6,186,162.75,0.571428571,5.714285714,0.153609831,1.88172043,61.25,2604,2278.5,80,2.150537634,26.04,227.85,0.8,0.215053763,29.76,297.6,2450,91140,2800,9114,280,10416,127596,3920,145824,14582.4,0.010204082,0.000274303,0.008928571,0.002743033,0.089285714,0.002400154,637980,19600,729120,72912,1020768,9.408602151,13020,130.2,0.192012289,0.001920123,2.657142857,3.92E-05,306.25,400,4,6.25,0.0625,0.081632653,0.00127551,11392.5,10.75268817,148.8,0.168010753,2.325,0.002194426,3.43E-05,1139.25,1.075268817,1488,0.016801075,23.25,0.021944262,0.000342879,15949.5,15.05376344,20832,208.32,0.235215054,325.5,0.307219662,3.255,0.003072197,4.251428571,0.004800307,4.80E-05,0.066428571,6.27E-05,5103840,79747.5,75.2688172,104160,1041.6,1.176075269,1627.5,1.53609831,16.275,0.015360983,21.25714286,0.024001536,0.000240015,0.332142857,0.000313489,4.90E-06
10,1,5,70,9.99,258.8,8,350,49.95,1294,40,699.3,18116,560,2585.412,79.92,2070.4,0.071428571,0.500500501,0.019319938,0.625,7.007007007,0.270479134,8.75,25.90590591,32.35,0.800800801,35.03503504,1.352395672,43.75,0.713571429,0.193006182,6.24375,18.48571429,129.5295295,161.75,0.571428571,4.004004004,0.154559505,2.702086553,87.4125,1813.413413,2264.5,56.05605606,2.163833076,36.93445714,323.1765,1.141714286,0.308809892,29.57714286,207.2472472,3496.5,90580,2800,12927.06,399.6,10352,180978.84,5594.4,144928,20683.296,0.007150007,0.000275999,0.008928571,0.001933928,0.062562563,0.002414992,904894.2,27972,724640,103416.48,1447830.72,13.51043277,9067.067067,184.6722857,0.135374942,0.002757231,1.85042185,2.76E-05,437.0625,280.2802803,5.708571429,4.379379379,0.089196429,0.057200057,0.000893751,11322.5,10.81916538,147.8857143,0.169049459,2.310714286,0.002207993,3.45E-05,1615.8825,1.544049459,1036.236236,0.024125773,16.19119119,0.015471422,0.000241741,22622.355,21.61669243,14507.30731,295.4756571,0.337760819,226.6766767,0.216599907,4.616807143,0.00441157,2.960674961,0.003384374,6.89E-05,0.046260546,4.42E-05,7239153.6,113111.775,108.0834621,72536.53654,1477.378286,1.688804096,1133.383383,1.082999537,23.08403571,0.022057849,14.8033748,0.016921868,0.000344654,0.231302731,0.00022102,3.45E-06
11,1,5,70,7,269.5,9.5,350,35,1347.5,47.5,490,18865,665,1886.5,66.5,2560.25,0.071428571,0.714285714,0.018552876,0.526315789,10,0.25974026,7.368421053,38.5,28.36842105,1.357142857,50,1.298701299,36.84210526,0.5,0.12987013,3.684210526,19.25,192.5,141.8421053,0.678571429,6.785714286,0.176252319,1.818181818,51.57894737,2695,1985.789474,95,2.467532468,26.95,198.5789474,0.95,0.246753247,36.575,365.75,2450,94325,3325,9432.5,332.5,12801.25,132055,4655,179217.5,17921.75,0.010204082,0.000265041,0.007518797,0.002650411,0.07518797,0.001952934,660275,23275,896087.5,89608.75,1254522.5,9.090909091,13475,134.75,0.185528757,0.001855288,2.75,3.79E-05,257.8947368,475,4.75,5.263157895,0.052631579,0.096938776,0.001074114,9928.947368,12.33766234,182.875,0.1367054,2.026315789,0.00251789,2.79E-05,992.8947368,1.233766234,1828.75,0.01367054,20.26315789,0.025178903,0.000278991,13900.52632,17.27272727,25602.5,256.025,0.19138756,283.6842105,0.352504638,2.836842105,0.003525046,5.225,0.003905869,3.91E-05,0.057894737,7.19E-05,6272612.5,69502.63158,86.36363636,128012.5,1280.125,0.956937799,1418.421053,1.762523191,14.18421053,0.017625232,26.125,0.019529343,0.000195293,0.289473684,0.000359699,3.99E-06
13,1,5,100,7,257.6,8,500,35,1288,40,700,25760,800,1803.2,56,2060.8,0.05,0.714285714,0.019409938,0.625,14.28571429,0.388198758,12.5,36.8,32.2,1.142857143,71.42857143,1.940993789,62.5,0.35,0.135869565,4.375,12.88,184,161,0.4,5.714285714,0.155279503,2.717391304,87.5,3680,3220,114.2857143,3.105590062,18.032,225.4,0.56,0.217391304,20.608,294.4,3500,128800,4000,9016,280,10304,180320,5600,206080,14425.6,0.007142857,0.000194099,0.00625,0.002772848,0.089285714,0.002426242,901600,28000,1030400,72128,1442560,13.58695652,18400,90.16,0.277284827,0.001358696,1.84,2.77E-05,437.5,571.4285714,2.8,8.928571429,0.04375,0.057142857,0.000892857,16100,15.52795031,103.04,0.242624224,1.61,0.001552795,2.43E-05,1127,1.086956522,1472,0.016983696,23,0.022182786,0.000346606,22540,21.73913043,29440,144.256,0.339673913,460,0.443655723,2.254,0.002173913,2.944,0.006932121,3.40E-05,0.046,4.44E-05,7212800,112700,108.6956522,147200,721.28,1.698369565,2300,2.218278616,11.27,0.010869565,14.72,0.034660603,0.000169837,0.23,0.000221828,3.47E-06
14,1,5,100,7,256.3,9.5,500,35,1281.5,47.5,700,25630,950,1794.1,66.5,2434.85,0.05,0.714285714,0.019508389,0.526315789,14.28571429,0.390167772,10.52631579,36.61428571,26.97894737,1.357142857,71.42857143,1.950838861,52.63157895,0.35,0.13655872,3.684210526,12.815,183.0714286,134.8947368,0.475,6.785714286,0.185329692,2.731174405,73.68421053,3661.428571,2697.894737,135.7142857,3.706593835,17.941,188.8526316,0.665,0.259461568,24.3485,347.8357143,3500,128150,4750,8970.5,332.5,12174.25,179410,6650,243485,17043.95,0.007142857,0.000195084,0.005263158,0.002786913,0.07518797,0.002053515,897050,33250,1217425,85219.75,1704395,13.65587202,18307.14286,89.705,0.278691266,0.001365587,1.830714286,2.79E-05,368.4210526,678.5714286,3.325,7.518796992,0.036842105,0.067857143,0.00075188,13489.47368,18.53296918,121.7425,0.205351459,1.348947368,0.001853297,2.05E-05,944.2631579,1.297307842,1739.178571,0.014374602,19.27067669,0.02647567,0.000293359,18885.26316,25.94615685,34783.57143,170.4395,0.287492043,385.4135338,0.529513405,1.888526316,0.002594616,3.478357143,0.005867185,2.87E-05,0.038541353,5.30E-05,8521975,94426.31579,129.7307842,173917.8571,852.1975,1.437460213,1927.067669,2.647567025,9.442631579,0.012973078,17.39178571,0.029335923,0.000143746,0.192706767,0.000264757,2.93E-06
18,0,0.1,41,7.36,260.3,7.5,4.1,0.736,26.03,0.75,301.76,10672.3,307.5,1915.808,55.2,1952.25,0.002439024,0.013586957,0.000384172,0.013333333,5.570652174,0.157510565,5.466666667,35.36684783,34.70666667,1.019021739,0.557065217,0.015751056,0.546666667,0.01795122,0.002827507,0.098133333,0.634878049,3.536684783,3.470666667,0.018292683,0.101902174,0.002881291,1.159277756,40.23466667,1450.040761,1422.973333,41.7798913,1.181329235,46.72702439,255.4410667,1.346341463,0.212063004,47.61585366,265.2513587,30.176,1067.23,30.75,191.5808,5.52,1.95E+02,78548.128,2.26E+03,80042.25,1.44E+04,0.000331389,9.37E-06,0.000325203,5.22E-05,0.001811594,5.12E-05,7854.8128,226.32,8004.225,1436.856,589110.96,0.115927776,145.0040761,4.672702439,0.002140089,6.90E-05,0.086260604,1.27E-06,4.023466667,4.17798913,0.134634146,0.074275362,0.002393496,0.002485419,4.42E-05,142.2973333,0.118132924,4.761585366,0.002100141,0.084650407,7.03E-05,1.25E-06,25.54410667,0.0212063,26.52513587,0.000377001,0.471557971,0.00039148,6.96E-06,10473.08373,8.694583173,10875.30571,350.4526829,0.154570368,193.3387681,0.16050669,6.230269919,0.005172268,6.469545334,0.002853452,9.20E-05,0.115014139,9.55E-05,58911.096,1047.308373,0.869458317,1087.530571,35.04526829,0.015457037,19.33387681,0.016050669,0.623026992,0.000517227,0.646954533,0.000285345,9.20E-06,0.011501414,9.55E-06,1.70E-07
19,0,2,85,4,194.9,9.5,170,8,389.8,19,340,16566.5,807.5,779.6,38,1851.55,0.023529412,0.5,0.010261673,0.210526316,21.25,0.436121088,8.947368421,48.725,20.51578947,2.375,42.5,0.872242175,17.89473684,0.094117647,0.041046691,0.842105263,4.585882353,97.45,41.03157895,0.223529412,4.75,0.09748589,1.744484351,35.78947368,4141.625,1743.842105,201.875,4.143150334,9.171764706,82.06315789,0.447058824,0.19497178,21.78294118,462.8875,680,33133,1615,1559.2,76,3703.1,66266,3230,157381.75,7406.2,0.005882353,0.000120726,0.00247678,0.002565418,0.052631579,0.001080176,132532,6460,314763.5,14812.4,629527,3.488968702,8283.25,18.34352941,0.218060544,0.000482902,1.146470588,3.02E-05,71.57894737,403.75,0.894117647,4.473684211,0.009907121,0.055882353,0.000619195,3487.684211,8.286300667,43.56588235,0.091814966,0.482724458,0.001146893,1.27E-05,164.1263158,0.389943561,925.775,0.004320704,10.25789474,0.024371473,0.000270044,6975.368421,16.57260133,39345.4375,87.13176471,0.183629932,435.9605263,1.035787583,0.965448916,0.002293786,5.445735294,0.011476871,2.54E-05,0.060340557,0.000143362,1259054,13950.73684,33.14520267,78690.875,174.2635294,0.367259863,871.9210526,2.071575167,1.930897833,0.004587571,10.89147059,0.022953741,5.08E-05,0.120681115,0.000286723,3.18E-06
20,1,0.3,60,8.7,254,7.8,18,2.61,76.2,2.34,522,15240,468,2209.8,67.86,1981.2,0.005,0.034482759,0.001181102,0.038461538,6.896551724,0.236220472,7.692307692,29.1954023,32.56410256,0.896551724,2.068965517,0.070866142,2.307692308,0.0435,0.010275591,0.334615385,1.27,8.75862069,9.769230769,0.039,0.268965517,0.009212598,2.05511811,66.92307692,1751.724138,1953.846154,53.79310345,1.842519685,36.83,283.3076923,1.131,0.267165354,33.02,227.7241379,156.6,4572,140.4,662.94,20.358,5.94E+02,132588,4071.6,118872,17236.44,0.000574713,1.97E-05,0.000641026,0.000135759,0.004420866,0.000151423,39776.4,1221.48,35661.6,5170.932,1034186.4,0.616535433,525.5172414,11.049,0.008145534,0.00017126,0.145977011,2.26E-06,20.07692308,16.13793103,0.3393,0.265251989,0.005576923,0.004482759,7.37E-05,586.1538462,0.552755906,9.906,0.009085403,0.162820513,0.000153543,2.52E-06,84.99230769,0.080149606,68.31724138,0.001317383,1.122900088,0.001058919,1.74E-05,16998.46154,16.02992126,13663.44828,287.274,0.263476681,224.5800177,0.211783872,4.721794872,0.004452756,3.795402299,0.003480997,7.32E-05,0.062383338,5.88E-05,310255.92,5099.538462,4.808976378,4099.034483,86.1822,0.079043004,67.37400531,0.063535162,1.416538462,0.001335827,1.13862069,0.001044299,2.20E-05,0.018715001,1.76E-05,2.90E-07
21,1,3,65,2.5,229.8,8.8,195,7.5,689.4,26.4,162.5,14937,572,574.5,22,2022.24,0.046153846,1.2,0.01305483,0.340909091,26,0.282854656,7.386363636,91.92,26.11363636,3.52,78,0.848563969,22.15909091,0.115384615,0.032637076,0.852272727,10.60615385,275.76,78.34090909,0.406153846,10.56,0.114882507,0.707136641,18.46590909,5974.8,1697.386364,228.8,2.489120975,8.838461538,65.28409091,0.338461538,0.095735422,31.11138462,808.896,487.5,44811,1716,1723.5,66,6066.72,37342.5,1430,131445.6,5055.6,0.018461538,0.000200844,0.005244755,0.005221932,0.136363636,0.001483503,112027.5,4290,394336.8,15166.8,328614,2.121409922,17924.4,26.51538462,0.339425587,0.000502109,4.242461538,8.03E-05,55.39772727,686.4,1.015384615,8.863636364,0.013111888,0.162461538,0.002097902,5092.159091,7.467362924,93.33415385,0.096427724,1.205244755,0.001767423,2.28E-05,195.8522727,0.287206266,2426.688,0.003708759,31.33636364,0.045953003,0.000593401,4243.465909,6.222802437,52578.24,77.77846154,0.080356436,678.9545455,0.99564839,1.004370629,0.001472853,12.44455385,0.01285703,1.90E-05,0.160699301,0.000235656,985842,12730.39773,18.66840731,157734.72,233.3353846,0.241069309,2036.863636,2.98694517,3.013111888,0.004418558,37.33366154,0.038571089,5.71E-05,0.482097902,0.000706969,9.13E-06
22,0,4.5,44,5,240.2,7.7,198,22.5,1080.9,34.65,220,10568.8,338.8,1201,38.5,1849.54,0.102272727,0.9,0.018734388,0.584415584,8.8,0.183180683,5.714285714,48.04,31.19480519,1.54,39.6,0.824313072,25.71428571,0.511363636,0.09367194,2.922077922,24.56590909,216.18,140.3766234,0.7875,6.93,0.144254788,0.915903414,28.57142857,2113.76,1372.571429,67.76,1.410491257,27.29545455,155.974026,0.875,0.160283097,42.035,369.908,990,47559.6,1524.6,5404.5,173.25,8322.93,52844,1694,81379.76,9247.7,0.020454545,0.000425782,0.013282172,0.003746878,0.116883117,0.002433037,237798,7623,366208.92,41614.65,406898.8,4.121565362,9511.92,122.8295455,0.164862614,0.002128908,4.913181818,8.52E-05,128.5714286,304.92,3.9375,5.142857143,0.066410862,0.1575,0.002656434,6176.571429,6.347210658,189.1575,0.107053646,3.190377804,0.003278518,5.53E-05,701.8831169,0.721273938,1664.586,0.012165187,28.07532468,0.028850958,0.000486607,6862.857143,7.052456286,16275.952,210.175,0.118948495,274.5142857,0.282098251,3.544864227,0.003642798,8.407,0.00475794,6.14E-05,0.141794569,0.000145712,1831044.6,30882.85714,31.73605329,73241.784,945.7875,0.535268229,1235.314286,1.269442132,15.95188902,0.01639259,37.8315,0.021410729,0.000276482,0.638075561,0.000655704,1.11E-05
23,0,0.4,93,8.5,247.7,9.2,37.2,3.4,99.08,3.68,790.5,23036.1,855.6,2105.45,78.2,2278.84,0.004301075,0.047058824,0.001614857,0.043478261,10.94117647,0.375454178,10.10869565,29.14117647,26.92391304,1.082352941,4.376470588,0.150181671,4.043478261,0.03655914,0.013726282,0.369565217,1.065376344,11.65647059,10.76956522,0.039569892,0.432941176,0.014856681,3.191360517,85.92391304,2710.129412,2503.923913,100.6588235,3.454178442,22.63924731,228.8532609,0.840860215,0.315704481,24.50365591,268.0988235,316.2,9214.44,342.24,842.18,31.28,9.12E+02,195806.85,7272.6,211932.12,19370.14,0.000506009,1.74E-05,0.000467508,0.000189983,0.00511509,0.000175528,78322.74,2909.04,84772.848,7748.056,1801423.02,1.276544207,1084.051765,9.055698925,0.017668432,0.000147594,0.125338393,2.04E-06,34.36956522,40.26352941,0.336344086,0.475703325,0.00397382,0.004655281,5.50E-05,1001.569565,1.381671377,9.801462366,0.016324095,0.115801777,0.000159749,1.89E-06,91.54130435,0.126281792,107.2395294,0.001491987,1.267007673,0.001747845,2.07E-05,21283.35326,29.36051675,24933.19059,208.2810753,0.346887013,294.5792839,0.406373934,2.460787751,0.003394672,2.882783049,0.004801204,4.01E-05,0.034059346,4.70E-05,720569.208,8513.341304,11.7442067,9973.276235,83.31243011,0.138754805,117.8317136,0.162549574,0.984315101,0.001357869,1.153113219,0.001920482,1.60E-05,0.013623738,1.88E-05,2.22E-07
24,1,2.5,89,5.5,220.3,8.3,222.5,13.75,550.75,20.75,489.5,19606.7,738.7,1211.65,45.65,1828.49,0.028089888,0.454545455,0.011348162,0.301204819,16.18181818,0.403994553,10.72289157,40.05454545,26.54216867,1.509090909,40.45454545,1.009986382,26.80722892,0.154494382,0.062414889,1.656626506,6.188202247,100.1363636,66.35542169,0.233146067,3.772727273,0.094189741,2.221970041,58.97590361,3564.854545,2362.253012,134.3090909,3.353154789,13.61404494,145.9819277,0.512921348,0.207217431,20.54483146,332.4527273,1223.75,49016.75,1846.75,3029.125,114.125,4571.225,107836.85,4062.85,162735.61,10056.695,0.005107252,0.000127507,0.003384324,0.002063302,0.054764513,0.001367248,269592.125,10157.125,406839.025,25141.7375,895045.855,5.554925102,8912.136364,34.03511236,0.183633888,0.000701291,1.125127681,2.32E-05,147.439759,335.7727273,1.282303371,4.874041621,0.018613781,0.042390194,0.000615332,5905.63253,8.382886972,51.36207865,0.121685106,0.745566536,0.001058312,1.54E-05,364.9548193,0.518043577,831.1318182,0.007519866,12.06462212,0.017125408,0.000248591,12992.39157,18.44235134,29588.29273,112.996573,0.267707234,429.5005476,0.609664507,1.640246379,0.002328286,3.735423902,0.008849826,3.38E-05,0.054223021,7.70E-05,2237614.638,32480.97892,46.10587835,73970.73182,282.4914326,0.669268085,1073.751369,1.524161268,4.100615947,0.005820714,9.338559755,0.022124565,8.45E-05,0.135557552,0.00019242,2.79E-06
25,0,0,55,6,157.2,9.3,0,0,0,0,330,8646,511.5,943.2,55.8,1461.96,0,0,0,0,9.166666667,0.349872774,5.913978495,26.2,16.90322581,1.55,0,0,0,0,0,0,0,0,0,0,0,0,2.099236641,35.48387097,1441,929.6774194,85.25,3.253816794,17.14909091,101.4193548,1.014545455,0.354961832,26.58109091,243.66,0,0,0,0,0,0,51876,3069,80407.8,8771.76,0,0,0,0,0,0,0,0,0,0,482446.8,0,0,0,0,0,0,0,0,0,0,0,0,0,0,0,0,0,0,0,0,0,0,0,0,0,0,0,0,5578.064516,19.52290076,13401.3,159.4865455,0.22572437,154.9462366,0.542302799,1.84398827,0.006453851,4.430181818,0.006270121,7.46E-05,0.051221896,0.000179274,0,0,0,0,0,0,0,0,0,0,0,0,0,0,0,0
27,0,0,75,4,239.9,8.2,0,0,0,0,300,17992.5,615,959.6,32.8,1967.18,0,0,0,0,18.75,0.312630263,9.146341463,59.975,29.25609756,2.05,0,0,0,0,0,0,0,0,0,0,0,0,1.25052105,36.58536585,4498.125,2194.207317,153.75,2.563568153,12.79466667,117.0243902,0.437333333,0.136723635,26.22906667,491.795,0,0,0,0,0,0,71970,2460,147538.5,7868.72,0,0,0,0,0,0,0,0,0,0,590154,0,0,0,0,0,0,0,0,0,0,0,0,0,0,0,0,0,0,0,0,0,0,0,0,0,0,0,0,8776.829268,10.25427261,36884.625,104.9162667,0.152502567,548.5518293,0.640892038,1.560325203,0.001822982,6.557266667,0.00953141,2.71E-05,0.097520325,0.000113936,0,0,0,0,0,0,0,0,0,0,0,0,0,0,0,0
28,0,4.8,67,5.1,193.7,8,321.6,24.48,929.76,38.4,341.7,12977.9,536,987.87,40.8,1549.6,0.071641791,0.941176471,0.024780589,0.6,13.1372549,0.345895715,8.375,37.98039216,24.2125,1.568627451,63.05882353,1.660299432,40.2,0.365373134,0.126381002,3.06,13.87701493,182.3058824,116.22,0.573134328,7.529411765,0.198244708,1.764068147,42.7125,2544.686275,1622.2375,105.0980392,2.76716572,14.74432836,123.48375,0.608955224,0.210635003,23.12835821,303.8431373,1640.16,62293.92,2572.8,4741.776,195.84,7438.08,66187.29,2733.6,103823.2,7902.96,0.01404741,0.00036986,0.008955224,0.004858939,0.117647059,0.003097574,317698.992,13121.28,498351.36,37934.208,529498.32,8.467527104,12214.49412,70.77277612,0.325548908,0.001886284,2.720983319,7.25E-05,205.02,504.4705882,2.922985075,7.882352941,0.045671642,0.11237928,0.001755926,7786.74,13.28239546,111.0161194,0.207537429,1.734626866,0.002958876,4.62E-05,592.722,1.011048012,1458.447059,0.015797625,22.78823529,0.038871511,0.000607367,8273.41125,14.11254517,20357.4902,117.9546269,0.220508518,318.0857843,0.542581514,1.843041045,0.003143806,4.534972198,0.008477836,4.91E-05,0.070858941,0.000120869,2541591.936,39712.374,67.74021683,97715.95294,566.182209,1.058440888,1526.811765,2.604391266,8.846597015,0.015090269,21.76786655,0.040693614,0.000235785,0.340122915,0.000580172,9.07E-06
29,0,0.6,74,5.8,211,7.5,44.4,3.48,126.6,4.5,429.2,15614,555,1223.8,43.5,1582.5,0.008108108,0.103448276,0.002843602,0.08,12.75862069,0.3507109,9.866666667,36.37931034,28.13333333,1.293103448,7.655172414,0.21042654,5.92,0.047027027,0.016492891,0.464,1.710810811,21.82758621,16.88,0.060810811,0.775862069,0.021327014,2.034123223,57.22666667,2692.068966,2081.866667,95.68965517,2.630331754,16.53783784,163.1733333,0.587837838,0.206161137,21.38513514,272.8448276,257.52,9368.4,333,734.28,26.1,9.50E+02,90561.2,3219,117105,9178.5,0.00139795,3.84E-05,0.001081081,0.000490276,0.013793103,0.000379147,54336.72,1931.4,70263,5507.1,679209,1.220473934,1615.241379,9.922702703,0.036280438,0.000222877,0.294967381,6.63E-06,34.336,57.4137931,0.352702703,1.020689655,0.00627027,0.010484623,0.000186393,1249.12,1.578199052,12.83108108,0.028056872,0.228108108,0.000288203,5.12E-06,97.904,0.123696682,163.7068966,0.002199052,2.910344828,0.003677071,6.54E-05,12074.82667,15.25592417,20190.51724,124.0337838,0.27121643,358.9425287,0.453505475,2.205045045,0.002785961,3.687092265,0.00806232,4.95E-05,0.065548307,8.28E-05,407525.4,7244.896,9.153554502,12114.31034,74.42027027,0.162729858,215.3655172,0.272103285,1.323027027,0.001671577,2.212255359,0.004837392,2.97E-05,0.039328984,4.97E-05,8.83E-07
30,0,1.9,59,4,150.8,8.1,112.1,7.6,286.52,15.39,236,8897.2,477.9,603.2,32.4,1221.48,0.03220339,0.475,0.012599469,0.234567901,14.75,0.391246684,7.283950617,37.7,18.61728395,2.025,28.025,0.7433687,13.83950617,0.128813559,0.050397878,0.938271605,4.856271186,71.63,35.37283951,0.260847458,3.8475,0.102055703,1.564986737,29.13580247,2224.3,1098.419753,119.475,3.169098143,10.22372881,74.4691358,0.549152542,0.214854111,20.70305085,305.37,448.4,16904.68,908.01,1146.08,61.56,2320.812,35588.8,1911.6,72067.32,4885.92,0.008050847,0.00021355,0.003975727,0.003149867,0.058641975,0.00155549,67618.72,3632.04,136927.908,9283.248,288269.28,2.973474801,4226.17,19.42508475,0.185842175,0.000854201,1.214067797,5.34E-05,55.35802469,227.0025,1.043389831,3.459876543,0.015902909,0.065211864,0.000993932,2086.997531,6.021286472,39.33579661,0.091773914,0.599539653,0.001729758,2.64E-05,141.491358,0.408222812,580.203,0.00622196,8.843209877,0.025513926,0.000388873,4393.679012,12.67639257,18016.83,82.81220339,0.193208239,274.6049383,0.792274536,1.262188742,0.003641595,5.175762712,0.012075515,5.55E-05,0.078886796,0.0002276,547711.632,8347.990123,24.08514589,34231.977,157.3431864,0.367095654,521.7493827,1.505321618,2.398158611,0.006919031,9.833949153,0.022943478,0.000105457,0.149884913,0.000432439,6.59E-06
31,1,2.2,53,2.4,134.1,8.5,116.6,5.28,295.02,18.7,127.2,7107.3,450.5,321.84,20.4,1139.85,0.041509434,0.916666667,0.016405667,0.258823529,22.08333333,0.395227442,6.235294118,55.875,15.77647059,3.541666667,48.58333333,0.869500373,13.71764706,0.099622642,0.039373602,0.621176471,5.566415094,122.925,34.70823529,0.352830189,7.791666667,0.139448173,0.948545861,14.96470588,2961.375,836.1529412,187.7083333,3.359433259,6.07245283,37.86352941,0.38490566,0.15212528,21.50660377,474.9375,279.84,15636.06,991.1,708.048,44.88,2507.67,17057.52,1081.2,60412.05,2735.64,0.017295597,0.000309541,0.004883463,0.006835695,0.107843137,0.001930079,37526.544,2378.64,132906.51,6018.408,144988.92,2.086800895,6515.025,13.35939623,0.362291822,0.000742898,2.319339623,0.000128975,32.92235294,412.9583333,0.846792453,5.715686275,0.011720311,0.147012579,0.002034776,1839.536471,7.390753169,47.3145283,0.102294162,0.654872364,0.002631098,3.64E-05,83.29976471,0.334675615,1044.8625,0.004632188,14.46176471,0.058103405,0.000804199,2006.767059,8.062639821,25171.6875,51.61584906,0.111593631,348.3970588,1.399763858,0.714406215,0.002870288,8.961084906,0.019373894,3.97E-05,0.124028857,0.000498314,318975.624,4414.887529,17.73780761,55377.7125,113.5548679,0.245505988,766.4735294,3.079480487,1.571693674,0.006314634,19.71438679,0.042622567,8.74E-05,0.272863485,0.001096291,1.52E-05
32,0,3.8,43,9.6,176.9,8.6,163.4,36.48,672.22,32.68,412.8,7606.7,369.8,1698.24,82.56,1521.34,0.088372093,0.395833333,0.021481063,0.441860465,4.479166667,0.243075184,5,18.42708333,20.56976744,0.895833333,17.02083333,0.923685698,19,0.848372093,0.206218202,4.241860465,15.63302326,70.02291667,78.16511628,0.76,3.404166667,0.18473714,2.333521764,48,792.3645833,884.5,38.52083333,2.09044658,39.49395349,197.4697674,1.92,0.466704353,35.38,158.4729167,1568.64,28905.46,1405.24,6453.312,313.728,5781.092,73024.32,3550.08,65417.62,14604.864,0.009205426,0.00049956,0.010275825,0.002237611,0.046027132,0.002497798,277492.416,13490.304,248586.956,55498.4832,628009.152,8.867382702,3010.985417,150.0770233,0.09621726,0.004795772,1.628439922,5.20E-05,182.4,146.3791667,7.296,1.979166667,0.098647918,0.079166667,0.001070398,3361.1,7.943697004,134.444,0.107405314,1.817793402,0.004296213,5.81E-05,750.3851163,1.77347654,602.1970833,0.023978861,8.142199612,0.019243452,0.000260187,8491.2,20.06828717,6814.335417,339.648,0.27133974,92.13541667,0.217754852,4.592320173,0.01085359,3.685416667,0.002944225,0.000146749,0.049829863,0.000117769,2386434.778,32266.56,76.25949124,25894.47458,1290.6624,1.031091012,350.1145833,0.827468438,17.45081666,0.04124364,14.00458333,0.011188054,0.000557648,0.189353479,0.000447522,6.05E-06
33,1,1.5,73,2,157.6,9.1,109.5,3,236.4,13.65,146,11504.8,664.3,315.2,18.2,1434.16,0.020547945,0.75,0.009517766,0.164835165,36.5,0.46319797,8.021978022,78.8,17.31868132,4.55,54.75,0.694796954,12.03296703,0.04109589,0.019035533,0.32967033,3.238356164,118.2,25.97802198,0.186986301,6.825,0.086611675,0.926395939,16.04395604,5752.4,1264.263736,332.15,4.215101523,4.317808219,34.63736264,0.249315068,0.115482234,19.6460274,717.08,219,17257.2,996.45,472.8,27.3,2151.24,23009.6,1328.6,104693.68,2868.32,0.010273973,0.00013038,0.002258016,0.004758883,0.082417582,0.001045908,34514.4,1992.9,157040.52,4302.48,209387.36,1.389593909,8628.6,6.476712329,0.347398477,0.000260761,1.619178082,6.52E-05,24.06593407,498.225,0.373972603,6.016483516,0.004516032,0.093493151,0.001129008,1896.395604,6.322652284,29.4690411,0.076351314,0.355863315,0.001186461,1.43E-05,51.95604396,0.17322335,1075.62,0.002091817,12.98901099,0.043305838,0.000522954,2528.527473,8.430203046,52346.84,39.29205479,0.101801752,632.1318681,2.107550761,0.47448442,0.001581948,9.823013699,0.025450438,1.91E-05,0.118621105,0.000395487,314081.04,3792.791209,12.64530457,78520.26,58.93808219,0.152702627,948.1978022,3.161326142,0.71172663,0.002372923,14.73452055,0.038175657,2.87E-05,0.177931657,0.000593231,7.16E-06
34,1,3.2,58,4.1,216.5,7.9,185.6,13.12,692.8,25.28,237.8,12557,458.2,887.65,32.39,1710.35,0.055172414,0.780487805,0.0147806,0.405063291,14.14634146,0.267898383,7.341772152,52.80487805,27.40506329,1.926829268,45.26829268,0.857274827,23.49367089,0.226206897,0.060600462,1.660759494,11.94482759,168.9756098,87.69620253,0.435862069,6.165853659,0.116766744,1.098383372,30.10126582,3062.682927,1589.493671,111.7560976,2.116397229,15.30431034,112.3607595,0.558448276,0.14960739,29.4887931,417.1585366,760.96,40182.4,1466.24,2840.48,103.648,5473.12,51483.7,1878.62,99200.3,7012.435,0.013456686,0.000254838,0.00698385,0.003605025,0.098795925,0.001870962,164747.84,6011.584,317440.96,22439.792,406721.23,3.51482679,9800.585366,48.9737931,0.209091421,0.001044836,2.913372582,6.22E-05,96.32405063,357.6195122,1.787034483,5.730163631,0.028633784,0.106307822,0.001703378,5086.379747,6.772471132,94.36413793,0.108515801,1.512003492,0.00201322,3.23E-05,359.5544304,0.478743649,1334.907317,0.007670945,21.38931769,0.028479694,0.000456332,6516.924051,8.677228637,24195.19512,120.9040517,0.13903587,387.6813831,0.516194446,1.937254474,0.002579438,7.192388562,0.008271021,4.13E-05,0.115244169,0.000153447,1301507.936,20854.15696,27.76713164,77424.62439,386.8929655,0.444914784,1240.580426,1.651822227,6.199214317,0.008254201,23.0156434,0.026467269,0.000132258,0.368781339,0.000491029,7.87E-06
35,0,2.6,71,9.7,189.2,9,184.6,25.22,491.92,23.4,688.7,13433.2,639,1835.24,87.3,1702.8,0.036619718,0.268041237,0.013742072,0.288888889,7.319587629,0.375264271,7.888888889,19.50515464,21.02222222,0.927835052,19.03092784,0.975687104,20.51111111,0.355211268,0.133298097,2.802222222,6.928450704,50.71340206,54.65777778,0.329577465,2.412371134,0.123678647,3.640063425,76.52222222,1384.865979,1492.577778,65.87628866,3.377378436,25.8484507,203.9155556,1.229577465,0.46141649,23.98309859,175.5463918,1790.62,34926.32,1661.4,4771.624,226.98,4427.28,130302.04,6198.3,120898.8,16517.16,0.003775229,0.00019355,0.004068858,0.001416708,0.02978236,0.001526897,338785.304,16115.58,314336.88,42944.616,1172718.36,9.464164905,3600.651546,67.20597183,0.100586299,0.001877438,0.714273268,2.00E-05,198.9577778,171.2783505,3.196901408,2.114547537,0.039467919,0.033977058,0.00041947,3880.702222,8.781183932,62.35605634,0.108409678,0.769827856,0.001741953,2.15E-05,530.1804444,1.199682875,456.4206186,0.0148109,5.634822451,0.012750376,0.000157412,14478.00444,32.76057082,12463.79381,232.6360563,0.404451492,153.8739977,0.348183344,2.872050078,0.006498824,2.472484391,0.00429856,8.02E-05,0.030524499,6.91E-05,3049067.736,37642.81156,85.17748414,32405.86392,604.8537465,1.051573878,400.072394,0.905276694,7.467330203,0.016896942,6.428459416,0.011176255,0.000208604,0.079363696,0.000179583,2.22E-06
36,1,3.1,53,5.6,198.7,9,164.3,17.36,615.97,27.9,296.8,10531.1,477,1112.72,50.4,1788.3,0.058490566,0.553571429,0.015601409,0.344444444,9.464285714,0.26673377,5.888888889,35.48214286,22.07777778,1.607142857,29.33928571,0.826874685,18.25555556,0.32754717,0.087367891,1.928888889,11.62207547,109.9946429,68.44111111,0.526415094,4.982142857,0.140412682,1.493709109,32.97777778,1880.553571,1170.122222,85.17857143,2.400603926,20.99471698,123.6355556,0.950943396,0.253648717,33.74150943,319.3392857,920.08,32646.41,1478.7,3449.432,156.24,5543.73,58974.16,2671.2,94779.9,10014.48,0.010444744,0.000294366,0.006498952,0.002785966,0.061507937,0.00173349,182819.896,8280.72,293817.69,31044.888,530767.44,4.630498239,5829.716071,65.08362264,0.147656194,0.001648451,2.07537062,5.26E-05,102.2311111,264.0535714,2.947924528,3.259920635,0.03639413,0.094002695,0.001160527,3627.378889,7.441872169,104.5986792,0.091874965,1.291341719,0.002649296,3.27E-05,383.2702222,0.786311022,989.9517857,0.009707543,12.22162698,0.025073693,0.000309552,6552.684444,13.44338198,16924.98214,188.9524528,0.165967679,208.9503968,0.428679272,2.332746331,0.004785825,6.025269542,0.005292337,5.91E-05,0.074386044,0.000152609,1645379.064,20313.32178,41.67448415,52467.44464,585.7526038,0.514499804,647.7462302,1.328905744,7.231513627,0.014836057,18.67833558,0.016406244,0.000183161,0.230596736,0.000473089,5.84E-06
37,0,4.5,50,8.3,193.6,9.1,225,37.35,871.2,40.95,415,9680,455,1606.88,75.53,1761.76,0.09,0.542168675,0.023243802,0.494505495,6.024096386,0.258264463,5.494505495,23.3253012,21.27472527,1.096385542,27.10843373,1.162190083,24.72527473,0.747,0.192923554,4.104395604,17.424,104.9638554,95.73626374,0.819,4.93373494,0.211518595,2.143595041,45.6043956,1166.26506,1063.736264,54.81927711,2.350206612,32.1376,176.5802198,1.5106,0.390134298,35.2352,212.260241,1867.5,43560,2047.5,7230.96,339.885,7927.92,80344,3776.5,88088,14622.608,0.010843373,0.000464876,0.00989011,0.002800458,0.059578975,0.002554264,361548,16994.25,396396,65801.736,731130.4,9.646177686,5248.192771,144.6192,0.140022902,0.003858471,2.099277108,5.60E-05,205.2197802,246.686747,6.7977,2.978948762,0.082087912,0.098674699,0.00119158,4786.813187,10.57592975,158.5584,0.127713196,1.914725275,0.004230372,5.11E-05,794.610989,1.755604339,955.1710843,0.021200391,11.53448961,0.025484168,0.000307743,8829.010989,19.50671488,10613.01205,292.45216,0.235559895,128.1609956,0.283157423,3.531604396,0.007802686,4.245204819,0.003419363,9.42E-05,0.051264398,0.000113263,3290086.8,39730.54945,87.78021694,47758.55422,1316.03472,1.060019526,576.7244803,1.274208404,15.89221978,0.035112087,19.10342169,0.015387132,0.000424008,0.230689792,0.000509683,6.15E-06
38,1,2.7,88,5.3,183.9,8.3,237.6,14.31,496.53,22.41,466.4,16183.2,730.4,974.67,43.99,1526.37,0.030681818,0.509433962,0.014681892,0.325301205,16.60377358,0.478520935,10.60240964,34.69811321,22.15662651,1.566037736,44.83018868,1.292006525,28.62650602,0.162613636,0.077814029,1.724096386,5.642386364,93.68490566,59.82289157,0.254659091,4.228301887,0.121859706,2.536160957,56.19277108,3053.433962,1949.783133,137.8113208,3.971723763,11.07579545,117.4301205,0.499886364,0.23920609,17.34511364,287.9943396,1259.28,43694.64,1972.08,2631.609,118.773,4121.199,85770.96,3871.12,134320.56,8089.761,0.005789022,0.00016684,0.003696605,0.002770168,0.061377586,0.001768903,231581.592,10452.024,362665.512,21842.3547,711898.968,6.847634584,8244.271698,29.90464773,0.243774816,0.00088425,1.064601201,3.15E-05,151.7204819,372.090566,1.349693182,5.401227552,0.019592004,0.048048885,0.000697473,5264.414458,10.72365416,46.83180682,0.155663437,0.679805586,0.001384769,2.01E-05,317.0613253,0.645856444,777.584717,0.009375184,11.28733803,0.022992397,0.000333755,10333.8506,21.05013594,25343.50189,91.92910227,0.305561561,367.8836099,0.749381842,1.334433187,0.002718251,3.27266295,0.010877948,3.95E-05,0.047505631,9.68E-05,1922127.214,27901.39663,56.83536705,68427.45509,248.2085761,0.825016215,993.2857468,2.023330974,3.602969606,0.007339278,8.836189966,0.02937046,0.000106536,0.128265205,0.000261277,3.79E-06
39,1,3,79,5.3,198.9,9.2,237,15.9,596.7,27.6,418.7,15713.1,726.8,1054.17,48.76,1829.88,0.037974684,0.566037736,0.015082956,0.326086957,14.90566038,0.397184515,8.586956522,37.52830189,21.61956522,1.735849057,44.71698113,1.191553544,25.76086957,0.201265823,0.079939668,1.72826087,7.553164557,112.5849057,64.85869565,0.349367089,5.20754717,0.138763198,2.105077929,45.51086957,2964.735849,1707.945652,137.1320755,3.654097536,13.34392405,114.5836957,0.61721519,0.245148316,23.16303797,345.2603774,1256.1,47139.3,2180.4,3162.51,146.28,5489.64,83279.43,3852.04,144560.52,9698.364,0.007165035,0.000190923,0.004127683,0.002845841,0.061525841,0.001639452,249838.29,11556.12,433681.56,29095.092,766170.756,6.315233786,8894.207547,40.03177215,0.224821423,0.001011895,1.425125388,3.60E-05,136.5326087,411.3962264,1.85164557,4.860541427,0.02187672,0.065918319,0.000778808,5123.836957,10.96229261,69.48911392,0.12951669,0.820996147,0.001756496,2.08E-05,343.751087,0.735444947,1035.781132,0.008689094,12.23748975,0.026181735,0.000309331,9052.111957,19.36671694,27275.56981,122.7641013,0.228812818,322.2538966,0.689452365,1.450426527,0.003103143,4.370384524,0.008145704,3.67E-05,0.051634978,0.000110471,2298512.268,27156.33587,58.10015083,81826.70943,368.2923038,0.686438455,966.7616899,2.068357096,4.351279582,0.00930943,13.11115357,0.024437111,0.000109989,0.154904933,0.000331414,3.92E-06
40,1,1.4,74,9.5,217,9.1,103.6,13.3,303.8,12.74,703,16058,673.4,2061.5,86.45,1974.7,0.018918919,0.147368421,0.006451613,0.153846154,7.789473684,0.341013825,8.131868132,22.84210526,23.84615385,0.957894737,10.90526316,0.477419355,11.38461538,0.17972973,0.061290323,1.461538462,4.105405405,31.97894737,33.38461538,0.172162162,1.341052632,0.058709677,3.239631336,77.25274725,1690.315789,1764.615385,70.88421053,3.103225806,27.85810811,226.5384615,1.168243243,0.398387097,26.68513514,207.8631579,984.2,22481.2,942.76,2886.1,121.03,2.76E+03,152551,6397.3,146127.8,18759.65,0.001991465,8.72E-05,0.002079002,0.000679117,0.016194332,0.000708968,213571.4,8956.22,204578.92,26263.51,1388214.1,4.535483871,2366.442105,39.00135135,0.050254669,0.000828248,0.432147937,9.18E-06,108.1538462,99.23789474,1.635540541,1.198380567,0.01975052,0.018122333,0.000218842,2470.461538,4.344516129,37.35918919,0.052463665,0.451143451,0.000793374,9.58E-06,317.1538462,0.557741935,291.0084211,0.0067352,3.51417004,0.006179966,7.46E-05,16763.84615,29.48064516,15381.87368,253.5087838,0.356003444,185.7489879,0.326655348,3.061330561,0.005383609,2.808961593,0.003944636,6.50E-05,0.03392056,5.97E-05,1943499.74,23469.38462,41.27290323,21534.62316,354.9122973,0.498404821,260.048583,0.457317487,4.285862786,0.007537053,3.93254623,0.005522491,9.10E-05,0.047488784,8.35E-05,1.01E-06
41,0,0.6,83,9,192.5,7.8,49.8,5.4,115.5,4.68,747,15977.5,647.4,1732.5,70.2,1501.5,0.007228916,0.066666667,0.003116883,0.076923077,9.222222222,0.431168831,10.64102564,21.38888889,24.67948718,0.866666667,5.533333333,0.258701299,6.384615385,0.065060241,0.028051948,0.692307692,1.391566265,12.83333333,14.80769231,0.056385542,0.52,0.024311688,3.880519481,95.76923077,1775.277778,2048.397436,71.93333333,3.363116883,20.87349398,222.1153846,0.845783133,0.364675325,18.09036145,166.8333333,448.2,9586.5,388.44,1039.5,42.12,9.01E+02,143797.5,5826.6,124624.5,13513.5,0.000803213,3.76E-05,0.000926784,0.00034632,0.008547009,0.0003996,86278.5,3495.96,74774.7,8108.1,1121620.5,2.328311688,1065.166667,12.52409639,0.028744589,0.000337975,0.154618474,4.17E-06,57.46153846,43.16,0.50746988,0.709401709,0.008341057,0.00626506,0.000102976,1229.038462,2.01787013,10.85421687,0.033166833,0.178405931,0.000292912,4.81E-06,133.2692308,0.218805195,100.1,0.003596404,1.645299145,0.002701299,4.44E-05,18435.57692,30.26805195,13847.16667,162.813253,0.497502498,227.5997151,0.373679654,2.676088971,0.004393679,2.010040161,0.006142006,7.22E-05,0.033038135,5.42E-05,672972.3,11061.34615,18.16083117,8308.3,97.68795181,0.298501499,136.5598291,0.224207792,1.605653383,0.002636207,1.206024096,0.003685204,4.33E-05,0.019822881,3.25E-05,5.35E-07
42,1,3,77,6.7,232.7,7.5,231,20.1,698.1,22.5,515.9,17917.9,577.5,1559.09,50.25,1745.25,0.038961039,0.447761194,0.012892136,0.4,11.49253731,0.330898152,10.26666667,34.73134328,31.02666667,1.119402985,34.47761194,0.992694456,30.8,0.261038961,0.08637731,2.68,9.066233766,104.1940299,93.08,0.292207792,3.358208955,0.096691018,2.217017619,68.78666667,2674.313433,2389.053333,86.19402985,2.481736141,20.24792208,207.8786667,0.652597403,0.215943275,22.66558442,260.4850746,1547.7,53753.7,1732.5,4677.27,150.75,5235.75,120049.93,3869.25,134384.25,11693.175,0.00581508,0.00016743,0.005194805,0.001924199,0.059701493,0.001718951,360149.79,11607.75,403152.75,35079.525,900374.475,6.651052858,8022.940299,60.74376623,0.148163352,0.001121783,1.353169219,2.50E-05,206.36,258.5820896,1.957792208,4.597014925,0.034805195,0.043613103,0.000775344,7167.16,7.445208423,67.99675325,0.132359261,1.208831169,0.001255728,2.23E-05,623.636,0.647829824,781.4552239,0.011516975,13.89253731,0.014431495,0.00025656,16006.65733,16.62763214,20057.35075,151.8594156,0.295602349,356.5751244,0.370408379,2.699722944,0.002804458,3.382923047,0.006585038,4.99E-05,0.060140854,6.25E-05,2701123.425,48019.972,49.88289643,60172.05224,455.5782468,0.886807048,1069.725373,1.111225138,8.099168831,0.008413374,10.14876914,0.019755114,0.000149571,0.180422563,0.000187422,3.33E-06
43,0,4.7,67,7.1,138.4,8.7,314.9,33.37,650.48,40.89,475.7,9272.8,582.9,982.64,61.77,1204.08,0.070149254,0.661971831,0.033959538,0.540229885,9.436619718,0.484104046,7.701149425,19.49295775,15.90804598,1.225352113,44.35211268,2.275289017,36.1954023,0.498059701,0.241112717,3.835632184,9.708656716,91.61690141,74.76781609,0.610298507,5.75915493,0.295447977,3.437138728,54.67816092,1306.028169,1065.83908,82.09859155,4.211705202,14.66626866,112.9471264,0.921940299,0.446315029,17.97134328,169.5887324,2235.79,43582.16,2739.63,4618.408,290.319,5659.176,65836.88,4138.59,80673.36,8548.968,0.009880177,0.000506859,0.008063133,0.004783033,0.076088716,0.003903395,309433.336,19451.373,379164.792,40180.1496,572780.856,16.15455202,6138.332394,68.93146269,0.320463242,0.003598697,1.367416439,7.14E-05,256.9873563,385.8633803,4.333119403,5.097943986,0.057248242,0.085957536,0.001135652,5009.443678,19.79501445,84.46531343,0.261527473,1.115937554,0.004409671,5.83E-05,530.8514943,2.097680636,797.0670423,0.027714105,10.53067832,0.041612391,0.000549774,7567.457471,29.90310694,11362.44507,127.5965373,0.395073417,150.1181803,0.593197916,1.685778007,0.006661418,2.53117511,0.007837203,8.80E-05,0.033441341,0.000132145,2692070.023,35567.05011,140.5446026,53403.49183,599.7037254,1.85684506,705.5554476,2.788030204,7.923156631,0.031308666,11.89652302,0.036834855,0.000413643,0.157174303,0.00062108,8.21E-06
44,0,0.4,98,8.9,143.8,7.9,39.2,3.56,57.52,3.16,872.2,14092.4,774.2,1279.82,70.31,1136.02,0.004081633,0.04494382,0.002781641,0.050632911,11.01123596,0.681502086,12.40506329,16.15730337,18.20253165,0.887640449,4.404494382,0.272600834,4.962025316,0.036326531,0.024756606,0.450632911,0.586938776,6.462921348,7.281012658,0.032244898,0.35505618,0.021974965,6.065368567,110.4050633,1583.41573,1783.848101,86.98876404,5.383866481,13.05938776,162.0025316,0.71744898,0.488942976,11.59204082,127.6426966,348.88,5636.96,309.68,511.928,28.124,4.54E+02,125422.36,6890.38,111329.96,10110.578,0.00045861,2.84E-05,0.000516662,0.000312544,0.005689091,0.000352106,50168.944,2756.152,44531.984,4044.2312,990836.644,2.426147427,633.3662921,5.223755102,0.030629307,0.000252618,0.065948177,3.19E-06,44.16202532,34.79550562,0.286979592,0.557530934,0.004598295,0.003623022,5.81E-05,713.5392405,2.153546592,4.636816327,0.034506435,0.074296048,0.000224234,3.59E-06,64.80101266,0.195577191,51.05707865,0.003133748,0.81809131,0.002469097,3.96E-05,15876.2481,47.91641168,12508.98427,103.1691633,0.767768173,200.4323709,0.604928818,1.653087058,0.004989214,1.302476496,0.009692819,7.99E-05,0.020869676,6.30E-05,396334.6576,6350.499241,19.16656467,5003.593708,41.26766531,0.307107269,80.17294837,0.241971527,0.661234823,0.001995686,0.520990598,0.003877127,3.20E-05,0.008347871,2.52E-05,4.04E-07
45,0,4.9,43,8.9,193.2,9,210.7,43.61,946.68,44.1,382.7,8307.6,387,1719.48,80.1,1738.8,0.113953488,0.550561798,0.025362319,0.544444444,4.831460674,0.222567288,4.777777778,21.70786517,21.46666667,1.011235955,23.6741573,1.09057971,23.41111111,1.014186047,0.225724638,4.845555556,22.01581395,106.3685393,105.1866667,1.025581395,4.95505618,0.22826087,1.980848861,42.52222222,933.4382022,923.0666667,43.48314607,2.00310559,39.98790698,191.0533333,1.862790698,0.414596273,40.4372093,195.3707865,1875.23,40707.24,1896.3,8425.452,392.49,8520.12,73937.64,3444.3,74768.4,15475.32,0.012803763,0.000589821,0.012661499,0.002849699,0.061173533,0.002818035,362294.436,16877.07,366365.16,75829.068,665438.76,9.70615942,4573.847191,195.9407442,0.122537046,0.00524941,2.473686961,6.63E-05,208.3588889,213.0674157,9.127674419,2.630461923,0.112687339,0.115233865,0.00142264,4523.026667,9.815217391,198.1423256,0.121175523,2.44620155,0.005308392,6.55E-05,936.1613333,2.031521739,957.3168539,0.025080515,11.81872659,0.025647289,0.000316633,8215.293333,17.82763975,8400.94382,359.8911628,0.220094318,103.7153558,0.225068044,4.443100775,0.009641774,4.543506663,0.002778618,0.000119034,0.056092675,0.000121724,3260649.924,40254.93733,87.35543478,41164.62472,1763.466698,1.078462158,508.2052434,1.102833415,21.7711938,0.047244692,22.26318265,0.013615227,0.000583268,0.274854107,0.000596449,7.36E-06
46,1,2.4,80,3.7,158.1,8.2,192,8.88,379.44,19.68,296,12648,656,584.97,30.34,1296.42,0.03,0.648648649,0.015180266,0.292682927,21.62162162,0.506008855,9.756097561,42.72972973,19.2804878,2.216216216,51.89189189,1.214421252,23.41463415,0.111,0.056166983,1.082926829,4.743,102.5513514,46.27317073,0.246,5.318918919,0.124478178,1.872232764,36.09756098,3418.378378,1542.439024,177.2972973,4.149272612,7.312125,71.33780488,0.37925,0.191903858,16.20525,350.3837838,710.4,30355.2,1574.4,1403.928,72.816,3111.408,46797.6,2427.2,103713.6,4796.754,0.008108108,0.000189753,0.003658537,0.004102775,0.079103494,0.001851252,112314.24,5825.28,248912.64,11512.2096,383740.32,4.493358634,8204.108108,17.5491,0.32822196,0.000702087,1.281891892,5.13E-05,86.63414634,425.5135135,0.9102,6.328279499,0.013536585,0.066486486,0.000988794,3701.853659,9.958254269,38.8926,0.148100153,0.578414634,0.001555977,2.31E-05,171.2107317,0.46056926,840.9210811,0.006849632,12.50626236,0.033642751,0.000500338,5707.02439,15.35230867,28030.7027,59.959425,0.228321069,416.875412,1.12142503,0.891722561,0.002398798,4.379797297,0.016677945,3.57E-05,0.065136783,0.000175223,920976.768,13696.85854,36.8455408,67273.68649,143.90262,0.547970565,1000.500989,2.691420073,2.140134146,0.005757116,10.51151351,0.040027068,8.56E-05,0.156328279,0.000420534,6.25E-06
47,0,1.9,87,6.9,146.5,8.9,165.3,13.11,278.35,16.91,600.3,12745.5,774.3,1010.85,61.41,1303.85,0.02183908,0.275362319,0.012969283,0.213483146,12.60869565,0.593856655,9.775280899,21.23188406,16.46067416,1.289855072,23.95652174,1.128327645,18.57303371,0.150689655,0.089488055,1.473033708,3.199425287,40.34057971,31.2752809,0.194367816,2.450724638,0.115426621,4.097610922,67.4494382,1847.173913,1432.078652,112.2173913,5.285324232,11.61896552,113.5786517,0.705862069,0.419180887,14.98678161,188.9637681,1140.57,24216.45,1471.17,1920.615,116.679,2477.315,87943.95,5342.67,113434.95,8996.565,0.003165084,0.000149072,0.002453829,0.001879606,0.030939586,0.001457223,167093.505,10151.073,215526.405,17093.4735,782701.155,7.785460751,3509.630435,22.07603448,0.163525746,0.001028598,0.463684824,2.16E-05,128.1539326,213.2130435,1.341137931,2.691744016,0.016931422,0.028169249,0.000355627,2720.949438,10.04211604,28.47488506,0.126778387,0.359485987,0.001326743,1.67E-05,215.7994382,0.796443686,359.0311594,0.010054838,4.532649406,0.016728496,0.000211192,9881.342697,36.4687372,16439.84783,103.4087931,0.460405722,207.5476307,0.765989019,1.305501744,0.004818171,2.171997335,0.009670358,6.08E-05,0.027420747,0.000101201,1487132.195,18774.55112,69.29060068,31235.71087,196.4767069,0.874770871,394.3404983,1.455379136,2.480453313,0.009154525,4.126794936,0.018373679,0.000115573,0.052099418,0.000192282,2.43E-06
48,1,2.9,44,7.1,210.4,7.8,127.6,20.59,610.16,22.62,312.4,9257.6,343.2,1493.84,55.38,1641.12,0.065909091,0.408450704,0.01378327,0.371794872,6.197183099,0.209125475,5.641025641,29.63380282,26.97435897,1.098591549,17.97183099,0.606463878,16.35897436,0.467954545,0.097861217,2.63974359,13.86727273,85.93802817,78.22564103,0.514090909,3.185915493,0.107509506,1.484790875,40.05128205,1303.887324,1186.871795,48.33802817,1.631178707,33.95090909,191.5179487,1.258636364,0.263212928,37.29818182,231.143662,905.96,26847.04,995.28,4332.136,160.602,4759.248,65728.96,2436.72,72209.28,11651.952,0.009282971,0.000313256,0.008449883,0.001941306,0.052365475,0.001767086,190613.984,7066.488,209406.912,33790.6608,512685.888,4.305893536,3781.273239,98.45763636,0.085417448,0.002224119,1.953137004,4.41E-05,116.1487179,140.1802817,3.650045455,2.304080896,0.059994172,0.07240717,0.001190124,3441.928205,4.730418251,108.1647273,0.077751779,1.777855478,0.002443398,4.02E-05,555.4020513,0.76331749,670.3166197,0.01254631,11.01769592,0.015142184,0.000248885,8426.789744,11.58136882,10170.32113,264.8170909,0.190357804,167.1650415,0.22974348,4.352680653,0.005982112,5.253265045,0.003776191,9.83E-05,0.086345579,0.000118669,1486789.075,24437.69026,33.58596958,29493.93127,767.9695636,0.552037633,484.7786204,0.666256092,12.62277389,0.017348125,15.23446863,0.010950955,0.000285143,0.25040218,0.000344141,5.66E-06
49,1,2.9,56,7.7,257.7,8.2,162.4,22.33,747.33,23.78,431.2,14431.2,459.2,1984.29,63.14,2113.14,0.051785714,0.376623377,0.011253395,0.353658537,7.272727273,0.217306946,6.829268293,33.46753247,31.42682927,1.064935065,21.09090909,0.630190144,19.80487805,0.39875,0.086651145,2.723170732,13.34517857,97.05584416,91.13780488,0.424642857,3.088311688,0.092277842,1.673263485,52.58536585,1874.181818,1759.902439,59.63636364,1.781916958,35.43375,241.9865854,1.1275,0.245013582,37.73464286,274.4337662,1250.48,41850.48,1331.68,5754.441,183.106,6128.106,111120.24,3535.84,118335.84,16271.178,0.006725417,0.000200953,0.006315331,0.00146148,0.04592968,0.001372365,322248.696,10253.936,343173.936,47186.4162,911185.968,4.852464106,5435.127273,102.757875,0.081842876,0.001547342,1.733140074,2.61E-05,152.497561,172.9454545,3.26975,2.572062084,0.048628049,0.055148423,0.000820173,5103.717073,5.167559177,109.4304643,0.076852457,1.627460801,0.001647819,2.45E-05,701.7610976,0.710539387,795.8579221,0.010567213,11.83607856,0.011984135,0.000178229,13551.24878,13.72076057,15368.29091,290.55675,0.204056523,228.5587583,0.231417787,4.321189024,0.004375243,4.900602968,0.003441668,6.51E-05,0.072882257,7.38E-05,2642439.307,39298.62146,39.79020567,44568.04364,842.614575,0.591763915,662.8203991,0.671111581,12.53144817,0.012688203,14.21174861,0.009980839,0.0001887,0.211358546,0.000214002,3.18E-06
50,1,0.9,67,8.9,219,8.8,60.3,8.01,197.1,7.92,596.3,14673,589.6,1949.1,78.32,1927.2,0.013432836,0.101123596,0.004109589,0.102272727,7.528089888,0.305936073,7.613636364,24.60674157,24.88636364,0.988764045,6.775280899,0.275342466,6.852272727,0.119552239,0.036575342,0.910227273,2.941791045,22.14606742,22.39772727,0.118208955,0.88988764,0.036164384,2.72283105,67.76136364,1648.651685,1667.386364,66.24719101,2.692237443,29.09104478,221.4886364,1.168955224,0.357625571,28.7641791,216.5393258,536.67,13205.7,530.64,1754.19,70.488,1.73E+03,130589.7,5247.44,129122.4,17152.08,0.001509307,6.13E-05,0.001526459,0.000461752,0.011491318,0.000466999,117530.73,4722.696,116210.16,15436.872,1149189.36,2.450547945,1483.786517,26.1819403,0.030937356,0.000545901,0.33053832,6.89E-06,60.98522727,59.62247191,1.052059701,0.769918284,0.013585482,0.013281905,0.000171512,1500.647727,2.423013699,25.88776119,0.031288917,0.334294437,0.000539767,6.97E-06,199.3397727,0.321863014,194.8853933,0.004156289,2.51659857,0.004063414,5.25E-05,14839.73864,23.96091324,14508.13483,256.001194,0.309412619,187.3467824,0.302498589,3.305800543,0.005337695,3.231930236,0.003906232,6.89E-05,0.041734636,6.74E-05,1034270.424,13355.76477,21.56482192,13057.32135,230.4010746,0.278471357,168.6121042,0.27224873,2.975220488,0.004803926,2.908737213,0.003515609,6.20E-05,0.037561173,6.06E-05,7.83E-07
51,1,3.4,75,2.9,225.5,9.4,255,9.86,766.7,31.96,217.5,16912.5,705,653.95,27.26,2119.7,0.045333333,1.172413793,0.015077605,0.361702128,25.86206897,0.332594235,7.978723404,77.75862069,23.9893617,3.24137931,87.93103448,1.130820399,27.12765957,0.131466667,0.043725055,1.04893617,10.22266667,264.3793103,81.56382979,0.426133333,11.02068966,0.14172949,0.964523282,23.13829787,5831.896552,1799.202128,243.1034483,3.126385809,8.719333333,69.56914894,0.363466667,0.120886918,28.26266667,730.9310345,739.5,57502.5,2397,2223.43,92.684,7206.98,49046.25,2044.5,158977.5,6147.13,0.015632184,0.000201035,0.004822695,0.005199174,0.124724872,0.001604001,166757.25,6951.3,540523.5,20900.242,461034.75,3.279379157,19828.44828,29.64573333,0.389938069,0.000583001,3.525057471,6.93E-05,78.67021277,826.5517241,1.235786667,9.354365371,0.013985816,0.146942529,0.001662998,6117.287234,10.62971175,96.09306667,0.120300042,1.08751773,0.001889727,2.14E-05,236.5351064,0.411015521,2485.165517,0.004651602,28.12545855,0.048872238,0.000553104,5217.68617,9.066518847,54819.82759,81.96173333,0.10260886,620.4145268,1.078064072,0.927588652,0.001611826,9.745747126,0.012200816,1.82E-05,0.110295916,0.000191656,1567518.15,17740.13298,30.82616408,186387.4138,278.6698933,0.348870123,2109.409391,3.665417845,3.153801418,0.005480207,33.13554023,0.041482773,6.20E-05,0.375006114,0.00065163,7.37E-06
